,MaxCurrent,EffCurrent,Time Period,PC screen1,PC screen2,Temperature sensor
0,24.41,17.3,0.0,ON,ON,ON
1,12.21,8.6,1.06,ON,ON,ON
2,36.62,25.9,1.07,ON,ON,ON
3,24.41,17.3,1.07,ON,ON,ON
4,36.62,25.9,1.07,ON,ON,ON
5,24.41,17.3,1.06,ON,ON,ON
6,12.21,8.6,1.06,ON,ON,ON
7,24.41,17.3,1.06,ON,ON,ON
8,12.21,8.6,1.06,ON,ON,ON
9,24.41,17.3,1.06,ON,ON,ON
10,36.62,25.9,1.07,ON,ON,ON
11,12.21,8.6,1.06,ON,ON,ON
12,24.41,17.3,1.07,ON,ON,ON
13,7336.43,5188.4,1.07,ON,ON,ON
14,366.21,259.0,1.07,ON,ON,ON
15,122.07,86.3,1.07,ON,ON,ON
16,219.73,155.4,1.07,ON,ON,ON
17,231.93,164.0,1.07,ON,ON,ON
18,219.73,155.4,1.07,ON,ON,ON
19,231.93,164.0,1.07,ON,ON,ON
20,219.73,155.4,1.07,ON,ON,ON
21,219.73,155.4,1.07,ON,ON,ON
22,73.24,51.8,1.06,ON,IDLE,ON
23,231.93,164.0,1.07,ON,ON,ON
24,244.14,172.7,1.07,ON,ON,ON
25,231.93,164.0,1.07,ON,ON,ON
26,231.93,164.0,1.07,ON,ON,ON
27,219.73,155.4,1.07,ON,ON,ON
28,231.93,164.0,1.07,ON,ON,ON
29,244.14,172.7,1.07,ON,ON,ON
30,231.93,164.0,1.07,ON,ON,ON
31,231.93,164.0,1.07,ON,IDLE,ON
32,231.93,164.0,1.07,ON,ON,ON
33,244.14,172.7,1.07,ON,ON,ON
34,244.14,172.7,1.07,ON,IDLE,ON
35,219.73,155.4,1.07,ON,ON,ON
36,231.93,164.0,1.07,ON,ON,ON
37,244.14,172.7,1.07,ON,ON,ON
38,231.93,164.0,1.07,ON,ON,ON
39,244.14,172.7,1.07,ON,ON,ON
40,231.93,164.0,1.07,ON,ON,ON
41,244.14,172.7,1.07,ON,ON,ON
42,231.93,164.0,1.07,ON,ON,ON
43,231.93,164.0,1.07,ON,ON,ON
44,244.14,172.7,1.07,ON,ON,ON
45,231.93,164.0,1.07,ON,ON,ON
46,231.93,164.0,1.07,ON,ON,ON
47,231.93,164.0,1.07,ON,ON,ON
48,244.14,172.7,1.07,ON,ON,ON
49,231.93,164.0,1.07,ON,ON,ON
50,231.93,164.0,1.07,ON,ON,ON
51,244.14,172.7,1.07,ON,ON,ON
52,219.73,155.4,1.07,ON,ON,ON
53,231.93,164.0,1.07,ON,ON,ON
54,231.93,164.0,1.07,ON,ON,ON
55,231.93,164.0,1.07,ON,ON,ON
56,244.14,172.7,1.07,ON,ON,ON
57,231.93,164.0,1.07,ON,ON,ON
58,244.14,172.7,1.07,ON,ON,ON
59,231.93,164.0,1.07,ON,ON,ON
60,231.93,164.0,1.07,ON,ON,ON
61,231.93,164.0,1.07,ON,ON,ON
62,231.93,164.0,1.07,ON,ON,ON
63,244.14,172.7,1.07,ON,ON,ON
64,244.14,172.7,1.07,ON,ON,ON
65,244.14,172.7,1.07,ON,ON,ON
66,231.93,164.0,1.07,ON,ON,ON
67,231.93,164.0,1.07,ON,ON,ON
68,244.14,172.7,1.07,ON,ON,ON
69,244.14,172.7,1.07,ON,ON,ON
70,231.93,164.0,1.07,ON,ON,ON
71,244.14,172.7,1.07,ON,ON,ON
72,244.14,172.7,1.07,ON,ON,ON
73,231.93,164.0,1.07,ON,ON,ON
74,231.93,164.0,1.07,ON,ON,ON
75,256.35,181.3,1.07,ON,ON,ON
76,231.93,164.0,1.07,ON,ON,ON
77,231.93,164.0,1.07,ON,ON,ON
78,231.93,164.0,1.07,ON,ON,ON
79,231.93,164.0,1.07,ON,ON,ON
80,231.93,164.0,1.07,ON,ON,ON
81,231.93,164.0,1.07,ON,ON,ON
82,231.93,164.0,1.07,ON,ON,ON
83,231.93,164.0,1.07,ON,ON,ON
84,244.14,172.7,1.07,ON,ON,ON
85,244.14,172.7,1.07,ON,ON,ON
86,231.93,164.0,1.07,ON,ON,ON
87,219.73,155.4,1.07,ON,ON,ON
88,219.73,155.4,1.07,ON,ON,ON
89,219.73,155.4,1.07,ON,ON,ON
90,244.14,172.7,1.07,ON,ON,ON
91,219.73,155.4,1.07,ON,ON,ON
92,231.93,164.0,1.07,ON,ON,ON
93,219.73,155.4,1.07,ON,ON,ON
94,244.14,172.7,1.07,ON,ON,ON
95,903.32,638.8,1.07,ON,ON,ON
96,268.55,189.9,1.07,ON,ON,ON
97,439.45,310.8,1.07,ON,ON,ON
98,292.97,207.2,1.07,ON,ON,ON
99,427.25,302.2,1.07,ON,ON,ON
100,439.45,310.8,1.07,ON,ON,ON
101,439.45,310.8,1.07,ON,ON,ON
102,451.66,319.4,1.07,ON,ON,ON
103,451.66,319.4,1.07,ON,ON,ON
104,415.04,293.5,1.07,ON,ON,ON
105,476.07,336.7,1.07,ON,ON,ON
106,463.87,328.1,1.07,ON,ON,ON
107,451.66,319.4,1.07,ON,ON,ON
108,439.45,310.8,1.07,ON,ON,ON
109,451.66,319.4,1.07,ON,ON,ON
110,463.87,328.1,1.07,ON,ON,ON
111,451.66,319.4,1.07,ON,ON,ON
112,451.66,319.4,1.07,ON,ON,ON
113,476.07,336.7,1.07,ON,ON,ON
114,451.66,319.4,1.07,ON,ON,ON
115,439.45,310.8,1.07,ON,ON,ON
116,451.66,319.4,1.07,ON,ON,ON
117,439.45,310.8,1.07,ON,ON,ON
118,451.66,319.4,1.07,ON,ON,ON
119,463.87,328.1,1.07,ON,ON,ON
120,439.45,310.8,1.07,ON,ON,ON
121,451.66,319.4,1.07,ON,ON,ON
122,439.45,310.8,1.07,ON,ON,ON
123,451.66,319.4,1.07,ON,ON,ON
124,463.87,328.1,1.07,ON,ON,ON
125,451.66,319.4,1.07,ON,ON,ON
126,463.87,328.1,1.07,ON,ON,ON
127,451.66,319.4,1.07,ON,ON,ON
128,463.87,328.1,1.07,ON,ON,ON
129,439.45,310.8,1.07,ON,ON,ON
130,463.87,328.1,1.07,ON,ON,ON
131,463.87,328.1,1.07,ON,ON,ON
132,463.87,328.1,1.07,ON,IDLE,ON
133,451.66,319.4,1.07,ON,ON,ON
134,451.66,319.4,1.07,ON,ON,ON
135,451.66,319.4,1.07,ON,ON,ON
136,451.66,319.4,1.07,ON,ON,ON
137,451.66,319.4,1.07,ON,ON,ON
138,488.28,345.3,1.07,ON,ON,ON
139,439.45,310.8,1.07,ON,ON,ON
140,463.87,328.1,1.07,ON,ON,ON
141,476.07,336.7,1.07,ON,ON,ON
142,463.87,328.1,1.07,ON,ON,ON
143,451.66,319.4,1.07,ON,ON,ON
144,476.07,336.7,1.07,ON,ON,ON
145,451.66,319.4,1.07,ON,ON,ON
146,463.87,328.1,1.07,ON,ON,ON
147,463.87,328.1,1.07,ON,ON,ON
148,488.28,345.3,1.07,ON,ON,ON
149,463.87,328.1,1.07,ON,ON,ON
150,463.87,328.1,1.07,ON,ON,ON
151,488.28,345.3,1.07,ON,ON,ON
152,463.87,328.1,1.07,ON,ON,ON
153,463.87,328.1,1.07,ON,ON,ON
154,451.66,319.4,1.07,ON,ON,ON
155,463.87,328.1,1.07,ON,ON,ON
156,451.66,319.4,1.07,ON,ON,ON
157,451.66,319.4,1.07,ON,ON,ON
158,451.66,319.4,1.07,ON,ON,ON
159,451.66,319.4,1.07,ON,ON,ON
160,476.07,336.7,1.07,ON,ON,ON
161,463.87,328.1,1.07,ON,ON,ON
162,476.07,336.7,1.07,ON,ON,ON
163,463.87,328.1,1.07,ON,ON,ON
164,463.87,328.1,1.07,ON,ON,ON
165,463.87,328.1,1.07,ON,ON,ON
166,451.66,319.4,1.07,ON,ON,ON
167,451.66,319.4,1.07,ON,ON,ON
168,439.45,310.8,1.07,ON,ON,ON
169,463.87,328.1,1.07,ON,ON,ON
170,463.87,328.1,1.07,ON,ON,ON
171,439.45,310.8,1.07,ON,ON,ON
172,476.07,336.7,1.07,ON,ON,ON
173,488.28,345.3,1.07,ON,ON,ON
174,476.07,336.7,1.07,ON,ON,ON
175,451.66,319.4,1.07,ON,ON,ON
176,439.45,310.8,1.07,ON,ON,ON
177,451.66,319.4,1.07,ON,ON,ON
178,451.66,319.4,1.07,ON,ON,ON
179,451.66,319.4,1.07,ON,ON,ON
180,451.66,319.4,1.07,ON,ON,ON
181,451.66,319.4,1.07,ON,ON,ON
182,451.66,319.4,1.07,ON,ON,ON
183,451.66,319.4,1.07,ON,ON,ON
184,463.87,328.1,1.07,ON,ON,ON
185,451.66,319.4,1.07,ON,ON,ON
186,463.87,328.1,1.07,ON,ON,ON
187,463.87,328.1,1.07,ON,ON,ON
188,476.07,336.7,1.07,ON,ON,ON
189,463.87,328.1,1.07,ON,ON,ON
190,463.87,328.1,1.07,ON,ON,ON
191,476.07,336.7,1.07,ON,ON,ON
192,451.66,319.4,1.07,ON,ON,ON
193,451.66,319.4,1.07,ON,ON,ON
194,463.87,328.1,1.07,ON,ON,ON
195,451.66,319.4,1.07,ON,ON,ON
196,476.07,336.7,1.07,ON,ON,ON
197,488.28,345.3,1.07,ON,ON,ON
198,463.87,328.1,1.07,ON,ON,ON
199,500.49,354.0,1.07,ON,ON,ON
200,463.87,328.1,1.07,ON,ON,ON
201,463.87,328.1,1.07,ON,ON,ON
202,463.87,328.1,1.07,ON,ON,ON
203,476.07,336.7,1.07,ON,ON,ON
204,476.07,336.7,1.07,ON,ON,ON
205,451.66,319.4,1.07,ON,ON,ON
206,488.28,345.3,1.07,ON,ON,ON
207,476.07,336.7,1.07,ON,ON,ON
208,488.28,345.3,1.07,ON,ON,ON
209,463.87,328.1,1.07,ON,ON,ON
210,451.66,319.4,1.07,ON,ON,ON
211,476.07,336.7,1.07,ON,ON,ON
212,463.87,328.1,1.07,ON,ON,ON
213,463.87,328.1,1.07,ON,ON,ON
214,476.07,336.7,1.07,ON,ON,ON
215,390.63,276.3,1.07,ON,ON,ON
216,256.35,181.3,1.07,ON,ON,ON
217,256.35,181.3,1.07,ON,ON,ON
218,256.35,181.3,1.07,ON,ON,ON
219,231.93,164.0,1.07,ON,ON,ON
220,219.73,155.4,1.07,ON,ON,ON
221,244.14,172.7,1.07,ON,ON,ON
222,231.93,164.0,1.07,ON,ON,ON
223,231.93,164.0,1.07,ON,ON,ON
224,231.93,164.0,1.07,ON,ON,ON
225,231.93,164.0,1.07,ON,ON,ON
226,244.14,172.7,1.07,ON,ON,ON
227,231.93,164.0,1.07,ON,ON,ON
228,231.93,164.0,1.07,ON,IDLE,OFF
229,231.93,164.0,1.07,ON,ON,ON
230,231.93,164.0,1.07,ON,ON,ON
231,244.14,172.7,1.07,ON,ON,ON
232,231.93,164.0,1.07,ON,ON,ON
233,256.35,181.3,1.07,ON,ON,ON
234,231.93,164.0,1.07,ON,ON,ON
235,244.14,172.7,1.07,ON,ON,ON
236,256.35,181.3,1.07,ON,ON,ON
237,231.93,164.0,1.07,ON,ON,ON
238,244.14,172.7,1.07,ON,ON,ON
239,244.14,172.7,1.07,ON,ON,ON
240,244.14,172.7,1.07,ON,ON,ON
241,244.14,172.7,1.07,ON,ON,ON
242,244.14,172.7,1.07,ON,ON,ON
243,244.14,172.7,1.07,ON,ON,ON
244,244.14,172.7,1.07,ON,ON,ON
245,244.14,172.7,1.07,ON,IDLE,ON
246,231.93,164.0,1.07,IDLE,IDLE,OFF
247,244.14,172.7,1.07,ON,ON,ON
248,256.35,181.3,1.07,ON,ON,ON
249,244.14,172.7,1.07,ON,ON,ON
250,244.14,172.7,1.07,ON,ON,ON
251,244.14,172.7,1.07,ON,ON,ON
252,244.14,172.7,1.07,ON,ON,ON
253,256.35,181.3,1.07,ON,ON,ON
254,244.14,172.7,1.07,IDLE,IDLE,ON
255,244.14,172.7,1.07,ON,ON,ON
256,244.14,172.7,1.07,ON,ON,ON
257,244.14,172.7,1.07,ON,ON,ON
258,244.14,172.7,1.07,ON,ON,ON
259,231.93,164.0,1.07,ON,ON,ON
260,231.93,164.0,1.07,ON,ON,ON
261,231.93,164.0,1.07,ON,ON,ON
262,231.93,164.0,1.07,ON,ON,ON
263,244.14,172.7,1.07,ON,ON,ON
264,231.93,164.0,1.07,ON,ON,ON
265,244.14,172.7,1.07,ON,ON,ON
266,256.35,181.3,1.07,ON,ON,ON
267,256.35,181.3,1.07,ON,ON,ON
268,244.14,172.7,1.07,ON,ON,ON
269,244.14,172.7,1.07,ON,ON,ON
270,244.14,172.7,1.07,ON,ON,ON
271,256.35,181.3,1.07,ON,ON,ON
272,256.35,181.3,1.07,ON,ON,ON
273,244.14,172.7,1.07,ON,IDLE,ON
274,244.14,172.7,1.07,ON,ON,ON
275,244.14,172.7,1.07,ON,IDLE,ON
276,244.14,172.7,1.07,ON,ON,ON
277,244.14,172.7,1.07,ON,ON,ON
278,244.14,172.7,1.07,ON,ON,ON
279,244.14,172.7,1.07,ON,ON,ON
280,244.14,172.7,1.07,ON,ON,ON
281,244.14,172.7,1.07,ON,ON,ON
282,256.35,181.3,1.07,ON,ON,ON
283,244.14,172.7,1.07,ON,ON,ON
284,244.14,172.7,1.07,ON,ON,ON
285,256.35,181.3,1.07,ON,ON,ON
286,244.14,172.7,1.07,ON,ON,ON
287,256.35,181.3,1.07,ON,ON,ON
288,244.14,172.7,1.07,ON,ON,ON
289,244.14,172.7,1.07,ON,ON,ON
290,244.14,172.7,1.07,ON,ON,ON
291,256.35,181.3,1.07,ON,ON,ON
292,244.14,172.7,1.07,ON,ON,ON
293,244.14,172.7,1.07,ON,ON,ON
294,244.14,172.7,1.07,ON,ON,ON
295,256.35,181.3,1.07,ON,ON,ON
296,256.35,181.3,1.07,ON,ON,ON
297,244.14,172.7,1.07,ON,ON,ON
298,256.35,181.3,1.07,ON,IDLE,ON
299,268.55,189.9,1.07,ON,ON,ON
300,244.14,172.7,1.07,ON,ON,ON
301,268.55,189.9,1.07,ON,ON,ON
302,268.55,189.9,1.07,ON,ON,ON
303,244.14,172.7,1.07,ON,ON,ON
304,231.93,164.0,1.07,ON,ON,ON
305,244.14,172.7,1.07,ON,ON,ON
306,268.55,189.9,1.07,ON,ON,ON
307,244.14,172.7,1.07,ON,ON,ON
308,256.35,181.3,1.07,ON,ON,ON
309,231.93,164.0,1.07,ON,ON,ON
310,256.35,181.3,1.07,ON,ON,ON
311,244.14,172.7,1.07,ON,ON,ON
312,244.14,172.7,1.07,ON,IDLE,ON
313,268.55,189.9,1.07,ON,ON,ON
314,231.93,164.0,1.07,ON,ON,ON
315,244.14,172.7,1.07,ON,ON,ON
316,256.35,181.3,1.07,ON,ON,ON
317,231.93,164.0,1.07,ON,ON,ON
318,256.35,181.3,1.07,ON,ON,ON
319,244.14,172.7,1.07,ON,ON,ON
320,244.14,172.7,1.07,ON,ON,ON
321,256.35,181.3,1.07,ON,ON,ON
322,231.93,164.0,1.07,ON,ON,ON
323,256.35,181.3,1.07,ON,ON,ON
324,244.14,172.7,1.07,ON,ON,ON
325,244.14,172.7,1.07,ON,ON,ON
326,256.35,181.3,1.07,ON,ON,ON
327,256.35,181.3,1.07,ON,ON,ON
328,256.35,181.3,1.07,ON,ON,ON
329,244.14,172.7,1.07,ON,ON,ON
330,256.35,181.3,1.07,ON,ON,ON
331,256.35,181.3,1.07,ON,ON,ON
332,256.35,181.3,1.07,ON,ON,ON
333,244.14,172.7,1.07,ON,ON,ON
334,268.55,189.9,1.07,ON,ON,ON
335,256.35,181.3,1.07,ON,ON,ON
336,231.93,164.0,1.07,ON,ON,ON
337,109.86,77.7,1.06,ON,ON,ON
338,158.69,112.2,1.07,ON,ON,ON
339,97.66,69.1,1.06,ON,ON,ON
340,109.86,77.7,1.06,ON,ON,ON
341,109.86,77.7,1.07,ON,ON,ON
342,109.86,77.7,1.07,ON,ON,ON
343,109.86,77.7,1.07,ON,ON,ON
344,109.86,77.7,1.06,ON,ON,ON
345,109.86,77.7,1.07,ON,ON,ON
346,109.86,77.7,1.07,ON,ON,ON
347,97.66,69.1,1.07,ON,ON,ON
348,97.66,69.1,1.07,ON,ON,ON
349,97.66,69.1,1.06,ON,ON,ON
350,97.66,69.1,1.06,ON,ON,ON
351,109.86,77.7,1.07,ON,ON,ON
352,109.86,77.7,1.07,ON,ON,ON
353,109.86,77.7,1.07,ON,ON,ON
354,97.66,69.1,1.06,ON,ON,ON
355,97.66,69.1,1.07,ON,ON,ON
356,109.86,77.7,1.07,ON,ON,ON
357,122.07,86.3,1.07,ON,ON,ON
358,109.86,77.7,1.07,ON,ON,ON
359,109.86,77.7,1.06,ON,ON,ON
360,109.86,77.7,1.07,ON,ON,ON
361,109.86,77.7,1.07,ON,ON,ON
362,109.86,77.7,1.07,ON,ON,ON
363,109.86,77.7,1.07,ON,ON,ON
364,109.86,77.7,1.07,ON,ON,ON
365,97.66,69.1,1.07,ON,ON,ON
366,109.86,77.7,1.07,ON,ON,ON
367,109.86,77.7,1.07,ON,ON,ON
368,109.86,77.7,1.07,ON,ON,ON
369,97.66,69.1,1.06,ON,ON,ON
370,109.86,77.7,1.07,ON,ON,ON
371,109.86,77.7,1.07,ON,ON,ON
372,109.86,77.7,1.07,ON,ON,ON
373,97.66,69.1,1.06,ON,ON,ON
374,109.86,77.7,1.07,ON,ON,ON
375,109.86,77.7,1.07,ON,ON,ON
376,109.86,77.7,1.07,ON,ON,ON
377,97.66,69.1,1.07,ON,ON,ON
378,109.86,77.7,1.07,ON,ON,ON
379,97.66,69.1,1.07,ON,ON,ON
380,109.86,77.7,1.06,ON,ON,ON
381,97.66,69.1,1.07,ON,ON,ON
382,97.66,69.1,1.06,ON,ON,ON
383,109.86,77.7,1.07,ON,ON,ON
384,109.86,77.7,1.07,ON,ON,ON
385,109.86,77.7,1.07,ON,ON,ON
386,97.66,69.1,1.07,ON,ON,ON
387,109.86,77.7,1.07,ON,ON,ON
388,109.86,77.7,1.07,ON,ON,ON
389,97.66,69.1,1.06,ON,ON,ON
390,97.66,69.1,1.07,ON,ON,ON
391,109.86,77.7,1.07,ON,ON,ON
392,109.86,77.7,1.07,ON,ON,ON
393,109.86,77.7,1.07,ON,ON,ON
394,109.86,77.7,1.07,ON,ON,ON
395,97.66,69.1,1.06,ON,ON,ON
396,97.66,69.1,1.06,ON,ON,ON
397,97.66,69.1,1.06,ON,ON,ON
398,97.66,69.1,1.07,ON,ON,ON
399,109.86,77.7,1.07,ON,ON,ON
400,109.86,77.7,1.07,ON,ON,ON
401,97.66,69.1,1.07,ON,ON,ON
402,109.86,77.7,1.06,ON,ON,ON
403,97.66,69.1,1.07,ON,ON,ON
404,97.66,69.1,1.06,ON,ON,ON
405,109.86,77.7,1.07,ON,ON,ON
406,109.86,77.7,1.06,ON,ON,ON
407,109.86,77.7,1.07,ON,ON,ON
408,109.86,77.7,1.07,ON,ON,ON
409,97.66,69.1,1.06,ON,ON,ON
410,97.66,69.1,1.06,ON,ON,ON
411,109.86,77.7,1.07,ON,ON,ON
412,109.86,77.7,1.07,ON,ON,ON
413,109.86,77.7,1.07,ON,ON,ON
414,109.86,77.7,1.07,ON,ON,ON
415,109.86,77.7,1.07,ON,ON,ON
416,109.86,77.7,1.07,ON,ON,ON
417,109.86,77.7,1.07,ON,ON,ON
418,109.86,77.7,1.06,ON,ON,ON
419,109.86,77.7,1.07,ON,ON,ON
420,109.86,77.7,1.07,ON,ON,ON
421,109.86,77.7,1.07,ON,ON,ON
422,97.66,69.1,1.06,ON,ON,ON
423,97.66,69.1,1.06,ON,ON,ON
424,109.86,77.7,1.07,ON,ON,ON
425,109.86,77.7,1.07,ON,ON,ON
426,109.86,77.7,1.06,ON,ON,ON
427,109.86,77.7,1.07,ON,ON,ON
428,109.86,77.7,1.07,ON,ON,ON
429,109.86,77.7,1.07,ON,ON,ON
430,109.86,77.7,1.07,ON,ON,ON
431,109.86,77.7,1.06,ON,ON,ON
432,109.86,77.7,1.07,ON,ON,ON
433,97.66,69.1,1.06,ON,ON,ON
434,97.66,69.1,1.07,ON,ON,ON
435,109.86,77.7,1.07,ON,ON,ON
436,109.86,77.7,1.07,ON,ON,ON
437,109.86,77.7,1.07,ON,ON,ON
438,97.66,69.1,1.06,ON,ON,ON
439,134.28,95.0,1.07,ON,ON,ON
440,109.86,77.7,1.06,ON,ON,ON
441,109.86,77.7,1.07,ON,ON,ON
442,109.86,77.7,1.07,ON,ON,ON
443,97.66,69.1,1.07,ON,ON,ON
444,109.86,77.7,1.07,ON,ON,ON
445,97.66,69.1,1.06,ON,ON,ON
446,109.86,77.7,1.06,ON,ON,ON
447,109.86,77.7,1.07,ON,ON,ON
448,97.66,69.1,1.06,ON,ON,ON
449,109.86,77.7,1.07,ON,ON,ON
450,97.66,69.1,1.06,ON,ON,ON
451,97.66,69.1,1.07,ON,ON,ON
452,97.66,69.1,1.07,ON,ON,ON
453,97.66,69.1,1.06,ON,ON,ON
454,97.66,69.1,1.06,ON,ON,ON
455,109.86,77.7,1.07,ON,ON,ON
456,109.86,77.7,1.07,ON,ON,ON
457,109.86,77.7,1.07,ON,ON,ON
458,109.86,77.7,1.07,ON,ON,ON
459,97.66,69.1,1.06,ON,ON,ON
460,109.86,77.7,1.07,ON,ON,ON
461,97.66,69.1,1.07,ON,ON,ON
462,109.86,77.7,1.07,ON,ON,ON
463,109.86,77.7,1.07,ON,ON,ON
464,109.86,77.7,1.07,ON,ON,ON
465,97.66,69.1,1.07,ON,ON,ON
466,97.66,69.1,1.07,ON,ON,ON
467,109.86,77.7,1.07,ON,ON,ON
468,122.07,86.3,1.07,ON,ON,ON
469,122.07,86.3,1.07,ON,ON,ON
470,122.07,86.3,1.07,ON,ON,ON
471,134.28,95.0,1.07,ON,ON,ON
472,122.07,86.3,1.07,ON,ON,ON
473,134.28,95.0,1.07,ON,ON,ON
474,122.07,86.3,1.07,ON,ON,ON
475,134.28,95.0,1.07,ON,ON,ON
476,122.07,86.3,1.07,ON,ON,ON
477,134.28,95.0,1.07,ON,ON,ON
478,122.07,86.3,1.07,ON,ON,ON
479,122.07,86.3,1.06,ON,ON,ON
480,122.07,86.3,1.07,ON,ON,ON
481,122.07,86.3,1.07,ON,ON,ON
482,122.07,86.3,1.07,ON,ON,ON
483,122.07,86.3,1.07,ON,ON,ON
484,122.07,86.3,1.07,ON,ON,ON
485,122.07,86.3,1.07,ON,ON,ON
486,122.07,86.3,1.07,ON,ON,ON
487,122.07,86.3,1.07,ON,ON,ON
488,109.86,77.7,1.07,ON,ON,ON
489,109.86,77.7,1.06,ON,ON,ON
490,122.07,86.3,1.07,ON,ON,ON
491,109.86,77.7,1.07,ON,ON,ON
492,122.07,86.3,1.07,ON,ON,ON
493,219.73,155.4,1.07,ON,ON,ON
494,463.87,328.1,1.07,ON,ON,ON
495,439.45,310.8,1.07,ON,ON,ON
496,463.87,328.1,1.07,ON,ON,ON
497,231.93,164.0,1.07,ON,ON,ON
498,402.83,284.9,1.07,ON,ON,ON
499,427.25,302.2,1.07,ON,ON,ON
500,427.25,302.2,1.07,ON,ON,ON
501,427.25,302.2,1.07,ON,IDLE,ON
502,427.25,302.2,1.07,ON,ON,ON
503,439.45,310.8,1.07,ON,ON,ON
504,427.25,302.2,1.07,ON,ON,ON
505,439.45,310.8,1.07,ON,ON,ON
506,439.45,310.8,1.07,ON,ON,ON
507,415.04,293.5,1.07,ON,ON,ON
508,451.66,319.4,1.07,ON,ON,ON
509,463.87,328.1,1.07,ON,ON,ON
510,427.25,302.2,1.07,ON,ON,ON
511,427.25,302.2,1.07,ON,ON,ON
512,427.25,302.2,1.07,ON,ON,ON
513,439.45,310.8,1.07,ON,ON,ON
514,427.25,302.2,1.07,ON,ON,ON
515,439.45,310.8,1.07,ON,ON,ON
516,427.25,302.2,1.07,ON,ON,ON
517,439.45,310.8,1.07,ON,ON,ON
518,415.04,293.5,1.07,ON,ON,ON
519,415.04,293.5,1.07,ON,ON,ON
520,439.45,310.8,1.07,ON,ON,ON
521,427.25,302.2,1.07,ON,ON,ON
522,427.25,302.2,1.07,ON,ON,ON
523,439.45,310.8,1.07,ON,ON,ON
524,439.45,310.8,1.07,ON,ON,ON
525,439.45,310.8,1.07,ON,ON,ON
526,439.45,310.8,1.07,ON,ON,ON
527,427.25,302.2,1.07,ON,ON,ON
528,451.66,319.4,1.07,ON,ON,ON
529,415.04,293.5,1.07,ON,ON,ON
530,427.25,302.2,1.07,ON,ON,ON
531,439.45,310.8,1.07,ON,ON,ON
532,427.25,302.2,1.07,ON,ON,ON
533,427.25,302.2,1.07,ON,ON,ON
534,439.45,310.8,1.07,ON,ON,ON
535,427.25,302.2,1.07,ON,ON,ON
536,439.45,310.8,1.07,ON,ON,ON
537,451.66,319.4,1.07,ON,ON,ON
538,439.45,310.8,1.07,ON,ON,ON
539,439.45,310.8,1.07,ON,ON,ON
540,439.45,310.8,1.07,ON,ON,ON
541,427.25,302.2,1.07,ON,ON,ON
542,427.25,302.2,1.07,ON,ON,ON
543,427.25,302.2,1.07,ON,ON,ON
544,427.25,302.2,1.07,ON,ON,ON
545,427.25,302.2,1.07,ON,ON,ON
546,415.04,293.5,1.07,ON,ON,ON
547,427.25,302.2,1.07,ON,ON,ON
548,427.25,302.2,1.07,ON,ON,ON
549,427.25,302.2,1.07,ON,ON,ON
550,463.87,328.1,1.07,ON,ON,ON
551,439.45,310.8,1.07,ON,ON,ON
552,451.66,319.4,1.07,ON,ON,ON
553,427.25,302.2,1.07,ON,ON,ON
554,451.66,319.4,1.07,ON,ON,ON
555,427.25,302.2,1.07,ON,ON,ON
556,451.66,319.4,1.07,ON,ON,ON
557,439.45,310.8,1.07,ON,ON,ON
558,415.04,293.5,1.07,ON,ON,ON
559,439.45,310.8,1.07,ON,ON,ON
560,427.25,302.2,1.07,ON,ON,ON
561,439.45,310.8,1.07,ON,ON,ON
562,427.25,302.2,1.07,ON,ON,ON
563,427.25,302.2,1.07,ON,IDLE,ON
564,415.04,293.5,1.07,ON,ON,ON
565,415.04,293.5,1.07,ON,ON,ON
566,439.45,310.8,1.07,ON,ON,ON
567,415.04,293.5,1.07,ON,ON,ON
568,427.25,302.2,1.07,ON,ON,ON
569,439.45,310.8,1.07,ON,ON,ON
570,439.45,310.8,1.07,ON,ON,ON
571,427.25,302.2,1.07,ON,ON,ON
572,427.25,302.2,1.07,ON,ON,ON
573,427.25,302.2,1.07,ON,ON,ON
574,439.45,310.8,1.07,ON,ON,ON
575,427.25,302.2,1.07,ON,ON,ON
576,439.45,310.8,1.07,ON,ON,ON
577,415.04,293.5,1.07,ON,ON,ON
578,427.25,302.2,1.07,ON,ON,ON
579,439.45,310.8,1.07,ON,ON,ON
580,439.45,310.8,1.07,ON,ON,ON
581,439.45,310.8,1.07,ON,ON,ON
582,415.04,293.5,1.07,ON,ON,ON
583,415.04,293.5,1.07,ON,ON,ON
584,415.04,293.5,1.07,ON,ON,ON
585,415.04,293.5,1.07,ON,ON,ON
586,439.45,310.8,1.07,ON,ON,ON
587,427.25,302.2,1.07,ON,ON,ON
588,427.25,302.2,1.07,ON,ON,ON
589,439.45,310.8,1.07,ON,ON,ON
590,415.04,293.5,1.07,ON,ON,ON
591,427.25,302.2,1.07,ON,ON,ON
592,427.25,302.2,1.07,ON,ON,ON
593,439.45,310.8,1.07,ON,ON,ON
594,427.25,302.2,1.07,ON,ON,ON
595,439.45,310.8,1.07,ON,ON,ON
596,427.25,302.2,1.07,ON,ON,ON
597,415.04,293.5,1.07,ON,ON,ON
598,427.25,302.2,1.07,ON,ON,ON
599,427.25,302.2,1.07,ON,ON,ON
600,427.25,302.2,1.07,ON,ON,ON
601,439.45,310.8,1.07,ON,ON,ON
602,476.07,336.7,1.07,ON,ON,ON
603,427.25,302.2,1.07,ON,ON,ON
604,451.66,319.4,1.07,ON,ON,ON
605,476.07,336.7,1.07,ON,ON,ON
606,427.25,302.2,1.07,ON,ON,ON
607,439.45,310.8,1.07,ON,ON,ON
608,439.45,310.8,1.07,ON,ON,ON
609,439.45,310.8,1.07,ON,ON,ON
610,451.66,319.4,1.07,ON,ON,ON
611,439.45,310.8,1.07,ON,ON,ON
612,439.45,310.8,1.07,ON,ON,ON
613,451.66,319.4,1.07,ON,ON,ON
614,415.04,293.5,1.07,ON,ON,ON
615,427.25,302.2,1.07,ON,ON,ON
616,427.25,302.2,1.07,ON,ON,ON
617,427.25,302.2,1.07,ON,ON,ON
618,427.25,302.2,1.07,ON,ON,ON
619,415.04,293.5,1.07,ON,ON,ON
620,439.45,310.8,1.07,ON,ON,ON
621,439.45,310.8,1.07,ON,ON,ON
622,439.45,310.8,1.07,ON,ON,ON
623,427.25,302.2,1.07,ON,ON,ON
624,427.25,302.2,1.07,ON,ON,ON
625,439.45,310.8,1.07,ON,ON,ON
626,451.66,319.4,1.07,ON,ON,ON
627,451.66,319.4,1.07,ON,ON,ON
628,427.25,302.2,1.07,ON,ON,ON
629,439.45,310.8,1.07,ON,ON,ON
630,439.45,310.8,1.07,ON,ON,ON
631,439.45,310.8,1.07,ON,ON,ON
632,427.25,302.2,1.07,ON,ON,ON
633,427.25,302.2,1.07,ON,ON,ON
634,427.25,302.2,1.07,ON,ON,ON
635,439.45,310.8,1.07,ON,ON,ON
636,427.25,302.2,1.07,ON,ON,ON
637,427.25,302.2,1.07,ON,ON,ON
638,439.45,310.8,1.07,ON,ON,ON
639,439.45,310.8,1.07,ON,ON,ON
640,451.66,319.4,1.07,ON,ON,ON
641,439.45,310.8,1.07,ON,ON,ON
642,439.45,310.8,1.07,ON,ON,ON
643,451.66,319.4,1.07,ON,ON,ON
644,439.45,310.8,1.07,ON,ON,ON
645,439.45,310.8,1.07,ON,ON,ON
646,427.25,302.2,1.07,ON,ON,ON
647,439.45,310.8,1.07,ON,ON,ON
648,427.25,302.2,1.07,ON,ON,ON
649,415.04,293.5,1.07,ON,ON,ON
650,427.25,302.2,1.07,ON,ON,ON
651,439.45,310.8,1.07,ON,ON,ON
652,439.45,310.8,1.07,ON,ON,ON
653,451.66,319.4,1.07,ON,ON,ON
654,439.45,310.8,1.07,ON,ON,ON
655,427.25,302.2,1.07,ON,ON,ON
656,427.25,302.2,1.07,ON,ON,ON
657,439.45,310.8,1.07,ON,ON,ON
658,427.25,302.2,1.07,ON,ON,ON
659,427.25,302.2,1.07,ON,ON,ON
660,427.25,302.2,1.07,ON,ON,ON
661,439.45,310.8,1.07,ON,ON,ON
662,451.66,319.4,1.07,ON,ON,ON
663,439.45,310.8,1.07,ON,ON,ON
664,427.25,302.2,1.07,ON,ON,ON
665,427.25,302.2,1.07,ON,ON,ON
666,439.45,310.8,1.07,ON,ON,ON
667,439.45,310.8,1.07,ON,ON,ON
668,427.25,302.2,1.07,ON,ON,ON
669,451.66,319.4,1.07,ON,ON,ON
670,427.25,302.2,1.07,ON,ON,ON
671,439.45,310.8,1.07,ON,ON,ON
672,427.25,302.2,1.07,ON,ON,ON
673,451.66,319.4,1.07,ON,ON,ON
674,439.45,310.8,1.07,ON,ON,ON
675,451.66,319.4,1.07,ON,ON,ON
676,451.66,319.4,1.07,ON,ON,ON
677,427.25,302.2,1.07,ON,ON,ON
678,427.25,302.2,1.07,ON,ON,ON
679,427.25,302.2,1.07,ON,ON,ON
680,439.45,310.8,1.07,ON,ON,ON
681,427.25,302.2,1.07,ON,ON,ON
682,427.25,302.2,1.07,ON,ON,ON
683,427.25,302.2,1.07,ON,ON,ON
684,439.45,310.8,1.07,ON,ON,ON
685,427.25,302.2,1.07,ON,ON,ON
686,439.45,310.8,1.07,ON,ON,ON
687,427.25,302.2,1.07,ON,ON,ON
688,439.45,310.8,1.07,ON,ON,ON
689,427.25,302.2,1.07,ON,ON,ON
690,451.66,319.4,1.07,ON,ON,ON
691,427.25,302.2,1.07,ON,ON,ON
692,439.45,310.8,1.07,ON,ON,ON
693,427.25,302.2,1.07,ON,ON,ON
694,439.45,310.8,1.07,ON,IDLE,ON
695,451.66,319.4,1.07,ON,ON,ON
696,415.04,293.5,1.07,ON,ON,ON
697,439.45,310.8,1.07,ON,ON,ON
698,439.45,310.8,1.07,ON,ON,ON
699,439.45,310.8,1.07,ON,ON,ON
700,439.45,310.8,1.07,ON,ON,ON
701,451.66,319.4,1.07,ON,ON,ON
702,439.45,310.8,1.07,ON,ON,ON
703,439.45,310.8,1.07,ON,ON,ON
704,439.45,310.8,1.07,ON,ON,ON
705,427.25,302.2,1.07,ON,ON,ON
706,439.45,310.8,1.07,ON,ON,ON
707,439.45,310.8,1.07,ON,ON,ON
708,415.04,293.5,1.07,ON,ON,ON
709,427.25,302.2,1.07,ON,ON,ON
710,439.45,310.8,1.07,ON,ON,ON
711,427.25,302.2,1.07,ON,ON,ON
712,439.45,310.8,1.07,ON,ON,ON
713,415.04,293.5,1.07,ON,ON,ON
714,439.45,310.8,1.07,ON,ON,ON
715,415.04,293.5,1.07,ON,ON,ON
716,451.66,319.4,1.07,ON,ON,ON
717,451.66,319.4,1.07,ON,ON,ON
718,427.25,302.2,1.07,ON,ON,ON
719,439.45,310.8,1.07,ON,ON,ON
720,451.66,319.4,1.07,ON,ON,ON
721,427.25,302.2,1.07,ON,ON,ON
722,427.25,302.2,1.07,ON,ON,ON
723,451.66,319.4,1.07,ON,ON,ON
724,427.25,302.2,1.07,ON,ON,ON
725,427.25,302.2,1.07,ON,ON,ON
726,415.04,293.5,1.07,ON,ON,ON
727,415.04,293.5,1.07,ON,ON,ON
728,427.25,302.2,1.07,ON,ON,ON
729,427.25,302.2,1.07,ON,ON,ON
730,427.25,302.2,1.07,ON,ON,ON
731,439.45,310.8,1.07,ON,ON,ON
732,439.45,310.8,1.07,ON,ON,ON
733,427.25,302.2,1.07,ON,ON,ON
734,427.25,302.2,1.07,ON,ON,ON
735,427.25,302.2,1.07,ON,ON,ON
736,439.45,310.8,1.07,ON,ON,ON
737,415.04,293.5,1.07,ON,ON,ON
738,439.45,310.8,1.07,ON,ON,ON
739,427.25,302.2,1.07,ON,ON,ON
740,439.45,310.8,1.07,ON,ON,ON
741,439.45,310.8,1.07,ON,ON,ON
742,439.45,310.8,1.07,ON,ON,ON
743,439.45,310.8,1.07,ON,ON,ON
744,415.04,293.5,1.07,ON,ON,ON
745,427.25,302.2,1.07,ON,ON,ON
746,427.25,302.2,1.07,ON,ON,ON
747,439.45,310.8,1.07,ON,ON,ON
748,415.04,293.5,1.07,ON,ON,ON
749,427.25,302.2,1.07,ON,ON,ON
750,427.25,302.2,1.07,ON,ON,ON
751,427.25,302.2,1.07,ON,ON,ON
752,415.04,293.5,1.07,ON,ON,ON
753,427.25,302.2,1.07,ON,ON,ON
754,415.04,293.5,1.07,ON,ON,ON
755,439.45,310.8,1.07,ON,ON,ON
756,439.45,310.8,1.07,ON,ON,ON
757,463.87,328.1,1.07,ON,ON,ON
758,439.45,310.8,1.07,ON,ON,ON
759,439.45,310.8,1.07,ON,ON,ON
760,427.25,302.2,1.07,ON,ON,ON
761,427.25,302.2,1.07,ON,ON,ON
762,451.66,319.4,1.07,ON,ON,ON
763,439.45,310.8,1.07,ON,ON,ON
764,439.45,310.8,1.07,ON,ON,ON
765,451.66,319.4,1.07,ON,ON,ON
766,427.25,302.2,1.07,ON,ON,ON
767,439.45,310.8,1.07,ON,ON,ON
768,439.45,310.8,1.07,ON,ON,ON
769,439.45,310.8,1.07,ON,ON,ON
770,439.45,310.8,1.07,ON,ON,ON
771,427.25,302.2,1.07,ON,ON,ON
772,439.45,310.8,1.07,ON,ON,ON
773,439.45,310.8,1.07,ON,ON,ON
774,439.45,310.8,1.07,ON,ON,ON
775,427.25,302.2,1.07,ON,ON,ON
776,451.66,319.4,1.07,ON,ON,ON
777,451.66,319.4,1.07,ON,ON,ON
778,451.66,319.4,1.07,ON,ON,ON
779,439.45,310.8,1.07,ON,ON,ON
780,415.04,293.5,1.07,ON,ON,ON
781,427.25,302.2,1.07,ON,ON,ON
782,439.45,310.8,1.07,ON,ON,ON
783,427.25,302.2,1.07,ON,ON,ON
784,427.25,302.2,1.07,ON,ON,ON
785,439.45,310.8,1.07,ON,ON,ON
786,427.25,302.2,1.07,ON,ON,ON
787,427.25,302.2,1.07,ON,ON,ON
788,451.66,319.4,1.07,ON,ON,ON
789,439.45,310.8,1.07,ON,ON,ON
790,427.25,302.2,1.07,ON,ON,ON
791,451.66,319.4,1.07,ON,ON,ON
792,451.66,319.4,1.07,ON,ON,ON
793,427.25,302.2,1.07,ON,ON,ON
794,427.25,302.2,1.07,ON,ON,ON
795,427.25,302.2,1.07,ON,ON,ON
796,439.45,310.8,1.07,ON,ON,ON
797,439.45,310.8,1.07,ON,ON,ON
798,427.25,302.2,1.07,ON,ON,ON
799,439.45,310.8,1.07,ON,ON,ON
800,439.45,310.8,1.07,ON,ON,ON
801,427.25,302.2,1.07,ON,ON,ON
802,439.45,310.8,1.07,ON,ON,ON
803,451.66,319.4,1.07,ON,ON,ON
804,427.25,302.2,1.07,ON,ON,ON
805,439.45,310.8,1.07,ON,ON,ON
806,439.45,310.8,1.07,ON,ON,ON
807,439.45,310.8,1.07,ON,ON,ON
808,439.45,310.8,1.07,ON,ON,ON
809,427.25,302.2,1.07,ON,ON,ON
810,439.45,310.8,1.07,ON,ON,ON
811,439.45,310.8,1.07,ON,ON,ON
812,439.45,310.8,1.07,ON,ON,ON
813,463.87,328.1,1.07,ON,ON,ON
814,451.66,319.4,1.07,ON,ON,ON
815,439.45,310.8,1.07,ON,ON,ON
816,439.45,310.8,1.07,ON,ON,ON
817,439.45,310.8,1.07,ON,ON,ON
818,451.66,319.4,1.07,ON,ON,ON
819,451.66,319.4,1.07,ON,ON,ON
820,439.45,310.8,1.07,ON,ON,ON
821,451.66,319.4,1.07,ON,ON,ON
822,439.45,310.8,1.07,ON,ON,ON
823,451.66,319.4,1.07,ON,ON,ON
824,439.45,310.8,1.07,ON,ON,ON
825,427.25,302.2,1.07,ON,ON,ON
826,427.25,302.2,1.07,ON,ON,ON
827,427.25,302.2,1.07,ON,ON,ON
828,427.25,302.2,1.07,ON,ON,ON
829,439.45,310.8,1.07,ON,ON,ON
830,427.25,302.2,1.07,ON,ON,ON
831,439.45,310.8,1.07,ON,ON,ON
832,427.25,302.2,1.07,ON,ON,ON
833,439.45,310.8,1.07,ON,ON,ON
834,439.45,310.8,1.07,ON,ON,ON
835,427.25,302.2,1.07,ON,ON,ON
836,451.66,319.4,1.07,ON,ON,ON
837,439.45,310.8,1.07,ON,ON,ON
838,439.45,310.8,1.07,ON,ON,ON
839,427.25,302.2,1.07,ON,ON,ON
840,427.25,302.2,1.07,ON,ON,ON
841,427.25,302.2,1.07,ON,ON,ON
842,439.45,310.8,1.07,ON,ON,ON
843,427.25,302.2,1.07,ON,ON,ON
844,415.04,293.5,1.07,ON,ON,ON
845,439.45,310.8,1.07,ON,ON,ON
846,427.25,302.2,1.07,ON,ON,ON
847,427.25,302.2,1.07,ON,ON,ON
848,439.45,310.8,1.07,ON,ON,ON
849,451.66,319.4,1.07,ON,ON,ON
850,427.25,302.2,1.07,ON,ON,ON
851,427.25,302.2,1.07,ON,ON,ON
852,463.87,328.1,1.07,ON,ON,ON
853,415.04,293.5,1.07,ON,ON,ON
854,451.66,319.4,1.07,ON,ON,ON
855,439.45,310.8,1.07,ON,ON,ON
856,415.04,293.5,1.07,ON,ON,ON
857,427.25,302.2,1.07,ON,ON,ON
858,427.25,302.2,1.07,ON,ON,ON
859,439.45,310.8,1.07,ON,ON,ON
860,439.45,310.8,1.07,ON,ON,ON
861,439.45,310.8,1.07,ON,ON,ON
862,415.04,293.5,1.07,ON,ON,ON
863,427.25,302.2,1.07,ON,ON,ON
864,439.45,310.8,1.07,ON,ON,ON
865,427.25,302.2,1.07,ON,ON,ON
866,427.25,302.2,1.07,ON,ON,ON
867,427.25,302.2,1.07,ON,ON,ON
868,439.45,310.8,1.07,ON,ON,ON
869,439.45,310.8,1.07,ON,ON,ON
870,427.25,302.2,1.07,ON,ON,ON
871,427.25,302.2,1.07,ON,ON,ON
872,427.25,302.2,1.07,ON,ON,ON
873,427.25,302.2,1.07,ON,ON,ON
874,439.45,310.8,1.07,ON,ON,ON
875,427.25,302.2,1.07,ON,ON,ON
876,439.45,310.8,1.07,ON,ON,ON
877,439.45,310.8,1.07,ON,ON,ON
878,427.25,302.2,1.07,ON,ON,ON
879,427.25,302.2,1.07,ON,ON,ON
880,427.25,302.2,1.07,ON,ON,ON
881,427.25,302.2,1.07,ON,ON,ON
882,439.45,310.8,1.07,ON,ON,ON
883,427.25,302.2,1.07,ON,ON,ON
884,439.45,310.8,1.07,ON,ON,ON
885,439.45,310.8,1.07,ON,ON,ON
886,415.04,293.5,1.07,ON,ON,ON
887,427.25,302.2,1.07,ON,ON,ON
888,451.66,319.4,1.07,ON,ON,ON
889,427.25,302.2,1.07,ON,ON,ON
890,451.66,319.4,1.07,ON,ON,ON
891,439.45,310.8,1.07,ON,ON,ON
892,439.45,310.8,1.07,ON,ON,ON
893,439.45,310.8,1.07,ON,ON,ON
894,451.66,319.4,1.07,ON,ON,ON
895,439.45,310.8,1.07,ON,ON,ON
896,439.45,310.8,1.07,ON,ON,ON
897,451.66,319.4,1.07,ON,ON,ON
898,439.45,310.8,1.07,ON,ON,ON
899,451.66,319.4,1.07,ON,ON,ON
900,439.45,310.8,1.07,ON,ON,ON
901,415.04,293.5,1.07,ON,ON,ON
902,427.25,302.2,1.07,ON,ON,ON
903,439.45,310.8,1.07,ON,ON,ON
904,415.04,293.5,1.07,ON,ON,ON
905,427.25,302.2,1.07,ON,ON,ON
906,415.04,293.5,1.07,ON,ON,ON
907,427.25,302.2,1.07,ON,ON,ON
908,439.45,310.8,1.07,ON,ON,ON
909,427.25,302.2,1.07,ON,ON,ON
910,415.04,293.5,1.07,ON,ON,ON
911,439.45,310.8,1.07,ON,ON,ON
912,427.25,302.2,1.07,ON,ON,ON
913,427.25,302.2,1.07,ON,ON,ON
914,427.25,302.2,1.07,ON,ON,ON
915,427.25,302.2,1.07,ON,ON,ON
916,451.66,319.4,1.07,ON,IDLE,ON
917,451.66,319.4,1.07,ON,ON,ON
918,439.45,310.8,1.07,ON,ON,ON
919,439.45,310.8,1.07,ON,ON,ON
920,439.45,310.8,1.07,ON,ON,ON
921,451.66,319.4,1.07,ON,ON,ON
922,439.45,310.8,1.07,ON,ON,ON
923,451.66,319.4,1.07,ON,ON,ON
924,451.66,319.4,1.07,ON,ON,ON
925,439.45,310.8,1.07,ON,ON,ON
926,451.66,319.4,1.07,ON,ON,ON
927,463.87,328.1,1.07,ON,ON,ON
928,439.45,310.8,1.07,ON,ON,ON
929,439.45,310.8,1.07,ON,ON,ON
930,451.66,319.4,1.07,ON,ON,ON
931,439.45,310.8,1.07,ON,ON,ON
932,439.45,310.8,1.07,ON,ON,ON
933,451.66,319.4,1.07,ON,ON,ON
934,451.66,319.4,1.07,ON,ON,ON
935,439.45,310.8,1.07,ON,ON,ON
936,451.66,319.4,1.07,ON,ON,ON
937,451.66,319.4,1.07,ON,ON,ON
938,451.66,319.4,1.07,ON,ON,ON
939,451.66,319.4,1.07,ON,ON,ON
940,463.87,328.1,1.07,ON,ON,ON
941,427.25,302.2,1.07,ON,ON,ON
942,451.66,319.4,1.07,ON,ON,ON
943,439.45,310.8,1.07,ON,ON,ON
944,427.25,302.2,1.07,ON,ON,ON
945,451.66,319.4,1.07,ON,ON,ON
946,439.45,310.8,1.07,ON,ON,ON
947,427.25,302.2,1.07,ON,ON,ON
948,451.66,319.4,1.07,ON,ON,ON
949,427.25,302.2,1.07,ON,ON,ON
950,427.25,302.2,1.07,ON,ON,ON
951,439.45,310.8,1.07,ON,ON,ON
952,439.45,310.8,1.07,ON,ON,ON
953,451.66,319.4,1.07,ON,ON,ON
954,427.25,302.2,1.07,ON,ON,ON
955,427.25,302.2,1.07,ON,ON,ON
956,439.45,310.8,1.07,ON,ON,ON
957,439.45,310.8,1.07,ON,ON,ON
958,451.66,319.4,1.07,ON,ON,ON
959,451.66,319.4,1.07,ON,ON,ON
960,451.66,319.4,1.07,ON,ON,ON
961,439.45,310.8,1.07,ON,ON,ON
962,451.66,319.4,1.07,ON,ON,ON
963,439.45,310.8,1.07,ON,ON,ON
964,451.66,319.4,1.07,ON,ON,ON
965,451.66,319.4,1.07,ON,ON,ON
966,451.66,319.4,1.07,ON,ON,ON
967,439.45,310.8,1.07,ON,ON,ON
968,439.45,310.8,1.07,ON,ON,ON
969,439.45,310.8,1.07,ON,ON,ON
970,451.66,319.4,1.07,ON,ON,ON
971,451.66,319.4,1.07,ON,ON,ON
972,451.66,319.4,1.07,ON,ON,ON
973,427.25,302.2,1.07,ON,ON,ON
974,463.87,328.1,1.07,ON,ON,ON
975,439.45,310.8,1.07,ON,ON,ON
976,439.45,310.8,1.07,ON,ON,ON
977,427.25,302.2,1.07,ON,ON,ON
978,427.25,302.2,1.07,ON,ON,ON
979,451.66,319.4,1.07,ON,ON,ON
980,427.25,302.2,1.07,ON,ON,ON
981,439.45,310.8,1.07,ON,ON,ON
982,439.45,310.8,1.07,ON,ON,ON
983,439.45,310.8,1.07,ON,ON,ON
984,451.66,319.4,1.07,ON,ON,ON
985,439.45,310.8,1.07,ON,ON,ON
986,439.45,310.8,1.07,ON,ON,ON
987,451.66,319.4,1.07,ON,ON,ON
988,451.66,319.4,1.07,ON,ON,ON
989,439.45,310.8,1.07,ON,ON,ON
990,439.45,310.8,1.07,ON,ON,ON
991,463.87,328.1,1.07,ON,ON,ON
992,439.45,310.8,1.07,ON,ON,ON
993,451.66,319.4,1.07,ON,ON,ON
994,427.25,302.2,1.07,ON,ON,ON
995,451.66,319.4,1.07,ON,ON,ON
996,439.45,310.8,1.07,ON,ON,ON
997,439.45,310.8,1.07,OFF,OFF,ON
998,427.25,302.2,1.07,ON,ON,ON
999,451.66,319.4,1.07,ON,ON,ON
1000,451.66,319.4,1.07,ON,ON,ON
1001,463.87,328.1,1.07,ON,ON,ON
1002,439.45,310.8,1.07,ON,ON,ON
1003,476.07,336.7,1.07,ON,ON,ON
1004,451.66,319.4,1.07,ON,ON,ON
1005,451.66,319.4,1.07,ON,ON,ON
1006,451.66,319.4,1.07,ON,ON,ON
1007,439.45,310.8,1.07,ON,ON,ON
1008,451.66,319.4,1.07,ON,ON,ON
1009,451.66,319.4,1.07,ON,ON,ON
1010,439.45,310.8,1.07,ON,ON,ON
1011,463.87,328.1,1.07,ON,ON,ON
1012,439.45,310.8,1.07,ON,ON,ON
1013,451.66,319.4,1.07,ON,ON,ON
1014,439.45,310.8,1.07,ON,ON,ON
1015,439.45,310.8,1.07,ON,ON,ON
1016,439.45,310.8,1.07,ON,ON,ON
1017,451.66,319.4,1.07,ON,ON,ON
1018,439.45,310.8,1.07,ON,ON,ON
1019,439.45,310.8,1.07,ON,ON,ON
1020,439.45,310.8,1.07,ON,ON,ON
1021,439.45,310.8,1.07,ON,ON,ON
1022,463.87,328.1,1.07,ON,ON,ON
1023,451.66,319.4,1.07,ON,ON,ON
1024,439.45,310.8,1.07,ON,ON,ON
1025,451.66,319.4,1.07,ON,ON,ON
1026,451.66,319.4,1.07,ON,ON,ON
1027,463.87,328.1,1.07,ON,ON,ON
1028,439.45,310.8,1.07,ON,ON,ON
1029,476.07,336.7,1.07,ON,ON,ON
1030,439.45,310.8,1.07,ON,ON,ON
1031,439.45,310.8,1.07,ON,ON,ON
1032,439.45,310.8,1.07,ON,ON,ON
1033,463.87,328.1,1.07,ON,ON,ON
1034,439.45,310.8,1.07,ON,ON,ON
1035,451.66,319.4,1.07,ON,ON,ON
1036,463.87,328.1,1.07,ON,ON,ON
1037,463.87,328.1,1.07,ON,ON,ON
1038,451.66,319.4,1.07,ON,ON,ON
1039,451.66,319.4,1.07,ON,ON,ON
1040,451.66,319.4,1.07,ON,ON,ON
1041,439.45,310.8,1.07,ON,ON,ON
1042,451.66,319.4,1.07,ON,ON,ON
1043,476.07,336.7,1.07,ON,ON,ON
1044,463.87,328.1,1.07,ON,ON,ON
1045,451.66,319.4,1.07,ON,ON,ON
1046,451.66,319.4,1.07,ON,ON,ON
1047,451.66,319.4,1.07,ON,ON,ON
1048,451.66,319.4,1.07,ON,ON,ON
1049,463.87,328.1,1.07,ON,ON,ON
1050,439.45,310.8,1.07,ON,ON,ON
1051,451.66,319.4,1.07,ON,ON,ON
1052,451.66,319.4,1.07,IDLE,IDLE,OFF
1053,463.87,328.1,1.07,ON,ON,ON
1054,451.66,319.4,1.07,ON,ON,ON
1055,476.07,336.7,1.07,ON,ON,ON
1056,439.45,310.8,1.07,ON,ON,ON
1057,463.87,328.1,1.07,ON,IDLE,ON
1058,439.45,310.8,1.07,ON,ON,ON
1059,451.66,319.4,1.07,ON,ON,ON
1060,451.66,319.4,1.07,ON,ON,ON
1061,451.66,319.4,1.07,ON,ON,ON
1062,451.66,319.4,1.07,ON,ON,ON
1063,451.66,319.4,1.07,ON,ON,ON
1064,439.45,310.8,1.07,ON,ON,ON
1065,427.25,302.2,1.07,ON,ON,ON
1066,427.25,302.2,1.07,ON,ON,ON
1067,439.45,310.8,1.07,ON,ON,ON
1068,451.66,319.4,1.07,ON,ON,ON
1069,451.66,319.4,1.07,ON,ON,ON
1070,451.66,319.4,1.07,ON,ON,ON
1071,439.45,310.8,1.07,ON,ON,ON
1072,463.87,328.1,1.07,ON,ON,ON
1073,451.66,319.4,1.07,ON,ON,ON
1074,451.66,319.4,1.07,ON,ON,ON
1075,476.07,336.7,1.07,ON,ON,ON
1076,451.66,319.4,1.07,ON,ON,ON
1077,439.45,310.8,1.07,ON,ON,ON
1078,463.87,328.1,1.07,ON,ON,ON
1079,451.66,319.4,1.07,ON,ON,ON
1080,451.66,319.4,1.07,ON,ON,ON
1081,476.07,336.7,1.07,ON,ON,ON
1082,451.66,319.4,1.07,ON,ON,ON
1083,439.45,310.8,1.07,ON,ON,ON
1084,451.66,319.4,1.07,ON,ON,ON
1085,451.66,319.4,1.07,ON,ON,ON
1086,439.45,310.8,1.07,ON,ON,ON
1087,451.66,319.4,1.07,ON,ON,ON
1088,439.45,310.8,1.07,ON,ON,ON
1089,439.45,310.8,1.07,ON,ON,ON
1090,451.66,319.4,1.07,ON,ON,ON
1091,451.66,319.4,1.07,ON,ON,ON
1092,463.87,328.1,1.07,ON,ON,ON
1093,439.45,310.8,1.07,ON,ON,ON
1094,439.45,310.8,1.07,ON,ON,ON
1095,451.66,319.4,1.07,ON,ON,ON
1096,451.66,319.4,1.06,ON,ON,ON
1097,451.66,319.4,1.07,ON,ON,ON
1098,439.45,310.8,1.07,ON,ON,ON
1099,439.45,310.8,1.07,ON,ON,ON
1100,463.87,328.1,1.07,ON,ON,ON
1101,439.45,310.8,1.07,ON,ON,ON
1102,439.45,310.8,1.07,ON,ON,ON
1103,439.45,310.8,1.07,ON,ON,ON
1104,451.66,319.4,1.07,ON,ON,ON
1105,439.45,310.8,1.07,ON,ON,ON
1106,439.45,310.8,1.07,ON,ON,ON
1107,439.45,310.8,1.07,ON,ON,ON
1108,451.66,319.4,1.07,ON,ON,ON
1109,451.66,319.4,1.07,ON,ON,ON
1110,463.87,328.1,1.07,ON,ON,ON
1111,451.66,319.4,1.07,ON,ON,ON
1112,439.45,310.8,1.07,ON,ON,ON
1113,463.87,328.1,1.07,ON,ON,ON
1114,451.66,319.4,1.07,ON,ON,ON
1115,439.45,310.8,1.07,ON,ON,ON
1116,463.87,328.1,1.07,ON,ON,ON
1117,439.45,310.8,1.07,ON,ON,ON
1118,463.87,328.1,1.07,ON,ON,ON
1119,439.45,310.8,1.07,ON,ON,ON
1120,439.45,310.8,1.07,ON,ON,ON
1121,451.66,319.4,1.07,ON,ON,ON
1122,451.66,319.4,1.07,ON,ON,ON
1123,451.66,319.4,1.07,ON,ON,ON
1124,463.87,328.1,1.07,ON,ON,ON
1125,476.07,336.7,1.07,ON,ON,ON
1126,439.45,310.8,1.07,ON,ON,ON
1127,451.66,319.4,1.07,ON,ON,ON
1128,439.45,310.8,1.07,ON,ON,ON
1129,439.45,310.8,1.07,ON,ON,ON
1130,451.66,319.4,1.07,ON,ON,ON
1131,451.66,319.4,1.07,ON,ON,ON
1132,451.66,319.4,1.07,ON,ON,ON
1133,439.45,310.8,1.07,ON,ON,ON
1134,439.45,310.8,1.07,ON,ON,ON
1135,451.66,319.4,1.07,ON,ON,ON
1136,451.66,319.4,1.07,ON,ON,ON
1137,451.66,319.4,1.07,ON,ON,ON
1138,427.25,302.2,1.07,ON,ON,ON
1139,463.87,328.1,1.07,ON,ON,ON
1140,463.87,328.1,1.07,ON,ON,ON
1141,451.66,319.4,1.07,ON,ON,ON
1142,476.07,336.7,1.07,ON,ON,ON
1143,439.45,310.8,1.07,ON,ON,ON
1144,463.87,328.1,1.07,ON,ON,ON
1145,451.66,319.4,1.07,ON,ON,ON
1146,451.66,319.4,1.07,ON,ON,ON
1147,463.87,328.1,1.07,ON,ON,ON
1148,427.25,302.2,1.07,ON,ON,ON
1149,463.87,328.1,1.07,ON,ON,ON
1150,451.66,319.4,1.07,ON,ON,ON
1151,463.87,328.1,1.07,ON,ON,ON
1152,451.66,319.4,1.07,ON,ON,ON
1153,451.66,319.4,1.07,ON,ON,ON
1154,451.66,319.4,1.07,ON,ON,ON
1155,439.45,310.8,1.07,ON,ON,ON
1156,439.45,310.8,1.07,ON,ON,ON
1157,451.66,319.4,1.07,ON,ON,ON
1158,476.07,336.7,1.07,ON,ON,ON
1159,463.87,328.1,1.07,ON,ON,ON
1160,451.66,319.4,1.07,ON,ON,ON
1161,439.45,310.8,1.07,ON,ON,ON
1162,463.87,328.1,1.07,ON,ON,ON
1163,463.87,328.1,1.07,ON,ON,ON
1164,463.87,328.1,1.07,ON,ON,ON
1165,451.66,319.4,1.07,ON,ON,ON
1166,463.87,328.1,1.07,ON,ON,ON
1167,463.87,328.1,1.07,ON,ON,ON
1168,488.28,345.3,1.07,ON,ON,ON
1169,488.28,345.3,1.07,ON,ON,ON
1170,451.66,319.4,1.07,ON,ON,ON
1171,439.45,310.8,1.07,ON,ON,ON
1172,451.66,319.4,1.07,ON,ON,ON
1173,451.66,319.4,1.07,ON,ON,ON
1174,463.87,328.1,1.07,ON,ON,ON
1175,451.66,319.4,1.07,ON,ON,ON
1176,463.87,328.1,1.07,ON,ON,ON
1177,451.66,319.4,1.07,ON,ON,ON
1178,463.87,328.1,1.07,ON,ON,ON
1179,463.87,328.1,1.07,ON,ON,ON
1180,451.66,319.4,1.07,ON,ON,ON
1181,451.66,319.4,1.07,ON,ON,ON
1182,463.87,328.1,1.07,ON,ON,ON
1183,439.45,310.8,1.07,ON,ON,ON
1184,451.66,319.4,1.07,ON,ON,ON
1185,451.66,319.4,1.07,ON,ON,ON
1186,451.66,319.4,1.07,ON,ON,ON
1187,439.45,310.8,1.07,ON,ON,ON
1188,451.66,319.4,1.07,ON,ON,ON
1189,463.87,328.1,1.07,ON,ON,ON
1190,439.45,310.8,1.07,ON,ON,ON
1191,451.66,319.4,1.07,ON,ON,ON
1192,451.66,319.4,1.07,ON,ON,ON
1193,451.66,319.4,1.07,ON,ON,ON
1194,451.66,319.4,1.07,ON,ON,ON
1195,451.66,319.4,1.07,ON,ON,ON
1196,451.66,319.4,1.07,ON,ON,ON
1197,463.87,328.1,1.07,ON,ON,ON
1198,439.45,310.8,1.07,ON,ON,ON
1199,451.66,319.4,1.07,ON,ON,ON
1200,463.87,328.1,1.07,ON,ON,ON
1201,439.45,310.8,1.07,ON,ON,ON
1202,451.66,319.4,1.07,ON,ON,ON
1203,451.66,319.4,1.07,ON,ON,ON
1204,451.66,319.4,1.07,ON,ON,ON
1205,476.07,336.7,1.07,ON,ON,ON
1206,463.87,328.1,1.07,ON,ON,ON
1207,439.45,310.8,1.07,ON,ON,ON
1208,463.87,328.1,1.07,ON,ON,ON
1209,463.87,328.1,1.07,ON,ON,ON
1210,439.45,310.8,1.07,ON,ON,ON
1211,439.45,310.8,1.07,ON,ON,ON
1212,463.87,328.1,1.06,ON,ON,ON
1213,451.66,319.4,1.07,ON,ON,ON
1214,476.07,336.7,1.07,ON,ON,ON
1215,439.45,310.8,1.07,ON,ON,ON
1216,451.66,319.4,1.07,ON,ON,ON
1217,451.66,319.4,1.07,ON,ON,ON
1218,451.66,319.4,1.07,ON,ON,ON
1219,439.45,310.8,1.07,ON,ON,ON
1220,476.07,336.7,1.07,ON,ON,ON
1221,451.66,319.4,1.07,ON,ON,ON
1222,427.25,302.2,1.07,ON,ON,ON
1223,439.45,310.8,1.07,ON,ON,ON
1224,463.87,328.1,1.07,ON,ON,ON
1225,451.66,319.4,1.07,ON,ON,ON
1226,451.66,319.4,1.07,ON,ON,ON
1227,463.87,328.1,1.07,ON,ON,ON
1228,439.45,310.8,1.07,ON,ON,ON
1229,463.87,328.1,1.07,ON,ON,ON
1230,463.87,328.1,1.07,ON,ON,ON
1231,463.87,328.1,1.07,ON,ON,ON
1232,439.45,310.8,1.07,ON,ON,ON
1233,451.66,319.4,1.07,ON,ON,ON
1234,476.07,336.7,1.07,ON,ON,ON
1235,451.66,319.4,1.07,ON,ON,ON
1236,427.25,302.2,1.07,ON,ON,ON
1237,439.45,310.8,1.07,ON,ON,ON
1238,427.25,302.2,1.07,ON,ON,ON
1239,427.25,302.2,1.07,ON,ON,ON
1240,439.45,310.8,1.07,ON,IDLE,ON
1241,427.25,302.2,1.07,ON,ON,ON
1242,451.66,319.4,1.07,ON,ON,ON
1243,427.25,302.2,1.07,ON,ON,ON
1244,463.87,328.1,1.07,ON,ON,ON
1245,463.87,328.1,1.07,ON,ON,ON
1246,451.66,319.4,1.07,ON,ON,ON
1247,451.66,319.4,1.07,ON,ON,ON
1248,451.66,319.4,1.07,ON,ON,ON
1249,439.45,310.8,1.07,ON,ON,ON
1250,439.45,310.8,1.07,ON,ON,ON
1251,439.45,310.8,1.07,ON,ON,ON
1252,451.66,319.4,1.07,ON,ON,ON
1253,451.66,319.4,1.07,ON,ON,ON
1254,427.25,302.2,1.07,ON,ON,ON
1255,451.66,319.4,1.07,ON,ON,ON
1256,451.66,319.4,1.07,ON,ON,ON
1257,463.87,328.1,1.07,ON,ON,ON
1258,463.87,328.1,1.07,ON,ON,ON
1259,463.87,328.1,1.07,ON,ON,ON
1260,463.87,328.1,1.07,ON,ON,ON
1261,476.07,336.7,1.07,ON,ON,ON
1262,463.87,328.1,1.07,ON,ON,ON
1263,451.66,319.4,1.07,ON,ON,ON
1264,463.87,328.1,1.07,ON,ON,ON
1265,463.87,328.1,1.07,ON,ON,ON
1266,463.87,328.1,1.07,ON,ON,ON
1267,451.66,319.4,1.07,ON,ON,ON
1268,476.07,336.7,1.07,ON,ON,ON
1269,451.66,319.4,1.07,ON,ON,ON
1270,463.87,328.1,1.07,ON,ON,ON
1271,451.66,319.4,1.07,ON,ON,ON
1272,463.87,328.1,1.07,ON,ON,ON
1273,463.87,328.1,1.07,ON,ON,ON
1274,439.45,310.8,1.07,ON,ON,ON
1275,451.66,319.4,1.07,ON,ON,ON
1276,439.45,310.8,1.07,ON,ON,ON
1277,439.45,310.8,1.07,ON,ON,ON
1278,451.66,319.4,1.07,ON,ON,ON
1279,439.45,310.8,1.07,ON,ON,ON
1280,463.87,328.1,1.07,ON,ON,ON
1281,451.66,319.4,1.07,ON,ON,ON
1282,463.87,328.1,1.07,ON,ON,ON
1283,451.66,319.4,1.07,ON,ON,ON
1284,451.66,319.4,1.07,ON,ON,ON
1285,451.66,319.4,1.07,ON,ON,ON
1286,439.45,310.8,1.07,ON,ON,ON
1287,439.45,310.8,1.07,ON,ON,ON
1288,439.45,310.8,1.07,ON,ON,ON
1289,439.45,310.8,1.07,ON,ON,ON
1290,451.66,319.4,1.07,ON,ON,ON
1291,451.66,319.4,1.07,ON,ON,ON
1292,463.87,328.1,1.07,ON,ON,ON
1293,476.07,336.7,1.07,ON,ON,ON
1294,476.07,336.7,1.07,ON,ON,ON
1295,451.66,319.4,1.07,ON,ON,ON
1296,463.87,328.1,1.07,ON,ON,ON
1297,451.66,319.4,1.07,ON,ON,ON
1298,451.66,319.4,1.07,ON,ON,ON
1299,451.66,319.4,1.07,ON,IDLE,ON
1300,439.45,310.8,1.07,ON,ON,ON
1301,451.66,319.4,1.07,ON,ON,ON
1302,463.87,328.1,1.07,ON,ON,ON
1303,451.66,319.4,1.07,ON,ON,ON
1304,451.66,319.4,1.07,ON,ON,ON
1305,451.66,319.4,1.07,ON,ON,ON
1306,463.87,328.1,1.07,ON,ON,ON
1307,439.45,310.8,1.07,ON,ON,ON
1308,451.66,319.4,1.07,ON,ON,ON
1309,439.45,310.8,1.07,ON,ON,ON
1310,451.66,319.4,1.07,ON,ON,ON
1311,463.87,328.1,1.07,ON,ON,ON
1312,439.45,310.8,1.07,ON,ON,ON
1313,439.45,310.8,1.07,ON,ON,ON
1314,463.87,328.1,1.07,ON,ON,ON
1315,439.45,310.8,1.07,ON,ON,ON
1316,451.66,319.4,1.07,ON,ON,ON
1317,451.66,319.4,1.07,ON,ON,ON
1318,451.66,319.4,1.07,ON,ON,ON
1319,451.66,319.4,1.07,ON,ON,ON
1320,451.66,319.4,1.07,ON,ON,ON
1321,451.66,319.4,1.07,ON,ON,ON
1322,439.45,310.8,1.07,ON,ON,ON
1323,451.66,319.4,1.07,ON,ON,ON
1324,463.87,328.1,1.07,ON,ON,ON
1325,476.07,336.7,1.07,ON,ON,ON
1326,463.87,328.1,1.07,ON,ON,ON
1327,451.66,319.4,1.07,ON,ON,ON
1328,451.66,319.4,1.07,ON,ON,ON
1329,439.45,310.8,1.07,ON,ON,ON
1330,427.25,302.2,1.07,ON,ON,ON
1331,427.25,302.2,1.07,ON,ON,ON
1332,439.45,310.8,1.07,ON,ON,ON
1333,427.25,302.2,1.07,ON,ON,ON
1334,451.66,319.4,1.07,ON,ON,ON
1335,451.66,319.4,1.07,ON,ON,ON
1336,451.66,319.4,1.07,ON,ON,ON
1337,451.66,319.4,1.07,ON,ON,ON
1338,439.45,310.8,1.07,ON,ON,ON
1339,439.45,310.8,1.07,ON,ON,ON
1340,451.66,319.4,1.07,ON,ON,ON
1341,439.45,310.8,1.07,ON,ON,ON
1342,439.45,310.8,1.07,ON,ON,ON
1343,439.45,310.8,1.07,ON,ON,ON
1344,439.45,310.8,1.07,ON,ON,ON
1345,439.45,310.8,1.07,ON,ON,ON
1346,451.66,319.4,1.07,ON,ON,ON
1347,451.66,319.4,1.07,ON,ON,ON
1348,439.45,310.8,1.07,ON,ON,ON
1349,451.66,319.4,1.07,ON,ON,ON
1350,427.25,302.2,1.07,ON,ON,ON
1351,427.25,302.2,1.07,ON,ON,ON
1352,451.66,319.4,1.07,ON,ON,ON
1353,451.66,319.4,1.07,ON,ON,ON
1354,439.45,310.8,1.07,ON,ON,ON
1355,439.45,310.8,1.07,ON,ON,ON
1356,439.45,310.8,1.07,ON,ON,ON
1357,463.87,328.1,1.07,ON,ON,ON
1358,463.87,328.1,1.07,ON,ON,ON
1359,451.66,319.4,1.07,ON,ON,ON
1360,451.66,319.4,1.07,ON,ON,ON
1361,451.66,319.4,1.07,ON,ON,ON
1362,451.66,319.4,1.07,ON,ON,ON
1363,451.66,319.4,1.07,ON,ON,ON
1364,451.66,319.4,1.07,ON,ON,ON
1365,476.07,336.7,1.07,ON,ON,ON
1366,451.66,319.4,1.07,ON,ON,ON
1367,439.45,310.8,1.07,ON,ON,ON
1368,439.45,310.8,1.07,ON,ON,ON
1369,488.28,345.3,1.07,ON,ON,ON
1370,451.66,319.4,1.07,ON,ON,ON
1371,439.45,310.8,1.07,ON,ON,ON
1372,451.66,319.4,1.07,ON,ON,ON
1373,439.45,310.8,1.07,ON,ON,ON
1374,463.87,328.1,1.07,ON,ON,ON
1375,439.45,310.8,1.07,ON,ON,ON
1376,451.66,319.4,1.07,ON,ON,ON
1377,439.45,310.8,1.07,ON,ON,ON
1378,451.66,319.4,1.07,ON,ON,ON
1379,439.45,310.8,1.07,ON,ON,ON
1380,439.45,310.8,1.07,ON,ON,ON
1381,451.66,319.4,1.07,ON,ON,ON
1382,463.87,328.1,1.07,ON,ON,ON
1383,451.66,319.4,1.07,ON,ON,ON
1384,439.45,310.8,1.07,ON,ON,ON
1385,451.66,319.4,1.07,ON,ON,ON
1386,451.66,319.4,1.07,ON,ON,ON
1387,451.66,319.4,1.07,ON,ON,ON
1388,463.87,328.1,1.07,ON,ON,ON
1389,427.25,302.2,1.07,ON,ON,ON
1390,451.66,319.4,1.07,ON,ON,ON
1391,451.66,319.4,1.07,ON,ON,ON
1392,451.66,319.4,1.07,ON,ON,ON
1393,439.45,310.8,1.07,ON,ON,ON
1394,451.66,319.4,1.07,ON,ON,ON
1395,451.66,319.4,1.07,ON,ON,ON
1396,439.45,310.8,1.07,ON,ON,ON
1397,463.87,328.1,1.07,ON,ON,ON
1398,439.45,310.8,1.07,ON,ON,ON
1399,427.25,302.2,1.07,ON,ON,ON
1400,427.25,302.2,1.07,ON,ON,ON
1401,427.25,302.2,1.07,ON,ON,ON
1402,439.45,310.8,1.07,ON,ON,ON
1403,427.25,302.2,1.07,ON,ON,ON
1404,463.87,328.1,1.07,ON,ON,ON
1405,451.66,319.4,1.07,ON,ON,ON
1406,463.87,328.1,1.07,ON,ON,ON
1407,451.66,319.4,1.07,ON,ON,ON
1408,439.45,310.8,1.07,ON,ON,ON
1409,451.66,319.4,1.07,ON,ON,ON
1410,451.66,319.4,1.07,ON,ON,ON
1411,451.66,319.4,1.07,ON,ON,ON
1412,439.45,310.8,1.07,ON,ON,ON
1413,451.66,319.4,1.07,ON,ON,ON
1414,439.45,310.8,1.07,ON,ON,ON
1415,476.07,336.7,1.07,ON,ON,ON
1416,439.45,310.8,1.07,ON,ON,ON
1417,427.25,302.2,1.07,ON,ON,ON
1418,451.66,319.4,1.07,ON,ON,ON
1419,451.66,319.4,1.07,ON,IDLE,ON
1420,463.87,328.1,1.07,ON,ON,ON
1421,451.66,319.4,1.07,ON,ON,ON
1422,427.25,302.2,1.07,ON,ON,ON
1423,439.45,310.8,1.07,ON,ON,ON
1424,451.66,319.4,1.07,ON,ON,ON
1425,439.45,310.8,1.07,ON,ON,ON
1426,463.87,328.1,1.07,ON,ON,ON
1427,439.45,310.8,1.07,ON,ON,ON
1428,439.45,310.8,1.07,ON,ON,ON
1429,439.45,310.8,1.07,ON,ON,ON
1430,451.66,319.4,1.07,ON,ON,ON
1431,451.66,319.4,1.07,ON,ON,ON
1432,427.25,302.2,1.07,ON,ON,ON
1433,439.45,310.8,1.07,ON,ON,ON
1434,451.66,319.4,1.07,ON,ON,ON
1435,451.66,319.4,1.07,ON,ON,ON
1436,451.66,319.4,1.07,ON,ON,ON
1437,451.66,319.4,1.07,ON,ON,ON
1438,451.66,319.4,1.07,ON,ON,ON
1439,451.66,319.4,1.07,ON,ON,ON
1440,439.45,310.8,1.07,ON,ON,ON
1441,439.45,310.8,1.07,ON,ON,ON
1442,439.45,310.8,1.07,ON,ON,ON
1443,439.45,310.8,1.07,ON,ON,ON
1444,439.45,310.8,1.07,ON,ON,ON
1445,463.87,328.1,1.07,ON,ON,ON
1446,451.66,319.4,1.07,ON,ON,ON
1447,439.45,310.8,1.07,ON,ON,ON
1448,451.66,319.4,1.07,ON,ON,ON
1449,463.87,328.1,1.07,ON,ON,ON
1450,451.66,319.4,1.07,ON,ON,ON
1451,439.45,310.8,1.07,ON,ON,ON
1452,451.66,319.4,1.07,ON,ON,ON
1453,451.66,319.4,1.07,ON,ON,ON
1454,427.25,302.2,1.07,ON,ON,ON
1455,451.66,319.4,1.07,ON,ON,ON
1456,439.45,310.8,1.07,ON,ON,ON
1457,451.66,319.4,1.07,ON,ON,ON
1458,463.87,328.1,1.07,ON,ON,ON
1459,476.07,336.7,1.07,ON,ON,ON
1460,439.45,310.8,1.07,ON,IDLE,ON
1461,463.87,328.1,1.07,ON,ON,ON
1462,439.45,310.8,1.07,ON,ON,ON
1463,451.66,319.4,1.07,ON,ON,ON
1464,451.66,319.4,1.07,ON,ON,ON
1465,439.45,310.8,1.07,ON,ON,ON
1466,463.87,328.1,1.07,ON,ON,ON
1467,463.87,328.1,1.07,ON,ON,ON
1468,451.66,319.4,1.07,ON,ON,ON
1469,439.45,310.8,1.07,ON,ON,ON
1470,451.66,319.4,1.07,ON,ON,ON
1471,451.66,319.4,1.07,ON,ON,ON
1472,476.07,336.7,1.07,ON,ON,ON
1473,439.45,310.8,1.07,ON,ON,ON
1474,451.66,319.4,1.07,ON,IDLE,ON
1475,439.45,310.8,1.07,ON,ON,ON
1476,463.87,328.1,1.07,ON,ON,ON
1477,463.87,328.1,1.07,ON,ON,ON
1478,439.45,310.8,1.07,ON,ON,ON
1479,451.66,319.4,1.07,ON,ON,ON
1480,439.45,310.8,1.07,ON,ON,ON
1481,463.87,328.1,1.07,ON,ON,ON
1482,439.45,310.8,1.07,ON,ON,ON
1483,427.25,302.2,1.07,ON,ON,ON
1484,463.87,328.1,1.07,ON,ON,ON
1485,451.66,319.4,1.07,ON,ON,ON
1486,451.66,319.4,1.07,ON,ON,ON
1487,463.87,328.1,1.07,ON,ON,ON
1488,451.66,319.4,1.07,ON,ON,ON
1489,439.45,310.8,1.07,ON,IDLE,ON
1490,463.87,328.1,1.07,ON,ON,ON
1491,463.87,328.1,1.07,ON,ON,ON
1492,451.66,319.4,1.07,ON,ON,ON
1493,451.66,319.4,1.07,ON,ON,ON
1494,451.66,319.4,1.07,ON,ON,ON
1495,451.66,319.4,1.07,ON,ON,ON
1496,439.45,310.8,1.07,ON,ON,ON
1497,439.45,310.8,1.07,ON,ON,ON
1498,451.66,319.4,1.07,ON,ON,ON
1499,451.66,319.4,1.07,ON,ON,ON
1500,439.45,310.8,1.07,ON,ON,ON
1501,439.45,310.8,1.07,ON,ON,ON
1502,463.87,328.1,1.07,ON,ON,ON
1503,463.87,328.1,1.07,ON,IDLE,ON
1504,439.45,310.8,1.07,ON,ON,ON
1505,463.87,328.1,1.07,ON,ON,ON
1506,439.45,310.8,1.07,ON,ON,ON
1507,451.66,319.4,1.07,ON,ON,ON
1508,451.66,319.4,1.07,ON,ON,ON
1509,463.87,328.1,1.07,ON,ON,ON
1510,476.07,336.7,1.07,ON,ON,ON
1511,463.87,328.1,1.07,ON,ON,ON
1512,463.87,328.1,1.07,ON,ON,ON
1513,451.66,319.4,1.07,ON,ON,ON
1514,451.66,319.4,1.07,ON,ON,ON
1515,451.66,319.4,1.07,ON,ON,ON
1516,451.66,319.4,1.07,ON,ON,ON
1517,451.66,319.4,1.07,ON,ON,ON
1518,451.66,319.4,1.07,ON,ON,ON
1519,439.45,310.8,1.07,IDLE,ON,OFF
1520,439.45,310.8,1.07,ON,ON,ON
1521,439.45,310.8,1.07,ON,ON,ON
1522,451.66,319.4,1.07,ON,ON,ON
1523,463.87,328.1,1.07,ON,ON,ON
1524,451.66,319.4,1.07,ON,ON,ON
1525,463.87,328.1,1.07,ON,ON,ON
1526,451.66,319.4,1.07,ON,ON,ON
1527,439.45,310.8,1.07,ON,ON,ON
1528,451.66,319.4,1.07,ON,ON,ON
1529,451.66,319.4,1.07,ON,ON,ON
1530,451.66,319.4,1.07,ON,ON,ON
1531,451.66,319.4,1.07,ON,ON,ON
1532,439.45,310.8,1.07,ON,ON,ON
1533,451.66,319.4,1.07,ON,ON,ON
1534,451.66,319.4,1.07,ON,ON,ON
1535,451.66,319.4,1.07,ON,ON,ON
1536,451.66,319.4,1.07,ON,ON,ON
1537,476.07,336.7,1.07,ON,ON,ON
1538,463.87,328.1,1.07,ON,ON,ON
1539,451.66,319.4,1.07,ON,ON,ON
1540,427.25,302.2,1.07,ON,ON,ON
1541,463.87,328.1,1.07,ON,ON,ON
1542,439.45,310.8,1.07,ON,ON,ON
1543,463.87,328.1,1.07,ON,ON,ON
1544,439.45,310.8,1.07,ON,ON,ON
1545,463.87,328.1,1.07,ON,ON,ON
1546,451.66,319.4,1.07,ON,ON,ON
1547,439.45,310.8,1.07,ON,ON,ON
1548,451.66,319.4,1.07,ON,ON,ON
1549,439.45,310.8,1.07,ON,ON,ON
1550,439.45,310.8,1.07,ON,ON,ON
1551,439.45,310.8,1.07,ON,ON,ON
1552,451.66,319.4,1.07,ON,ON,ON
1553,463.87,328.1,1.07,ON,ON,ON
1554,463.87,328.1,1.07,ON,ON,ON
1555,439.45,310.8,1.07,ON,ON,ON
1556,463.87,328.1,1.07,ON,ON,ON
1557,451.66,319.4,1.07,ON,ON,ON
1558,451.66,319.4,1.07,ON,ON,ON
1559,439.45,310.8,1.07,ON,ON,ON
1560,439.45,310.8,1.07,ON,ON,ON
1561,451.66,319.4,1.07,ON,ON,ON
1562,463.87,328.1,1.07,ON,ON,ON
1563,451.66,319.4,1.07,ON,ON,ON
1564,463.87,328.1,1.07,ON,ON,ON
1565,451.66,319.4,1.07,ON,ON,ON
1566,463.87,328.1,1.07,ON,ON,ON
1567,439.45,310.8,1.07,ON,ON,ON
1568,439.45,310.8,1.07,ON,ON,ON
1569,463.87,328.1,1.07,ON,ON,ON
1570,439.45,310.8,1.07,ON,ON,ON
1571,439.45,310.8,1.07,ON,ON,ON
1572,463.87,328.1,1.07,ON,ON,ON
1573,463.87,328.1,1.07,ON,ON,ON
1574,451.66,319.4,1.07,ON,ON,ON
1575,439.45,310.8,1.07,ON,ON,ON
1576,439.45,310.8,1.07,ON,ON,ON
1577,439.45,310.8,1.07,ON,ON,ON
1578,439.45,310.8,1.07,ON,ON,ON
1579,439.45,310.8,1.07,ON,ON,ON
1580,439.45,310.8,1.07,ON,ON,ON
1581,439.45,310.8,1.07,ON,ON,ON
1582,451.66,319.4,1.07,ON,ON,ON
1583,463.87,328.1,1.07,ON,ON,ON
1584,451.66,319.4,1.07,ON,ON,ON
1585,439.45,310.8,1.07,ON,ON,ON
1586,463.87,328.1,1.07,ON,ON,ON
1587,439.45,310.8,1.07,ON,ON,ON
1588,463.87,328.1,1.07,ON,ON,ON
1589,451.66,319.4,1.07,ON,ON,ON
1590,463.87,328.1,1.07,ON,ON,ON
1591,463.87,328.1,1.07,ON,ON,ON
1592,451.66,319.4,1.07,ON,ON,ON
1593,451.66,319.4,1.07,ON,ON,ON
1594,451.66,319.4,1.07,ON,ON,ON
1595,451.66,319.4,1.07,ON,ON,ON
1596,439.45,310.8,1.07,ON,ON,ON
1597,439.45,310.8,1.07,ON,ON,ON
1598,451.66,319.4,1.07,ON,ON,ON
1599,451.66,319.4,1.07,ON,ON,ON
1600,451.66,319.4,1.07,ON,ON,ON
1601,451.66,319.4,1.07,ON,ON,ON
1602,463.87,328.1,1.07,ON,ON,ON
1603,451.66,319.4,1.07,ON,ON,ON
1604,463.87,328.1,1.07,ON,ON,ON
1605,463.87,328.1,1.07,ON,ON,ON
1606,463.87,328.1,1.07,ON,ON,ON
1607,439.45,310.8,1.07,ON,ON,ON
1608,463.87,328.1,1.07,ON,ON,ON
1609,463.87,328.1,1.07,ON,ON,ON
1610,451.66,319.4,1.07,ON,ON,ON
1611,439.45,310.8,1.07,ON,ON,ON
1612,451.66,319.4,1.07,ON,ON,ON
1613,427.25,302.2,1.07,ON,ON,ON
1614,451.66,319.4,1.07,ON,ON,ON
1615,463.87,328.1,1.07,ON,ON,ON
1616,451.66,319.4,1.07,IDLE,IDLE,OFF
1617,439.45,310.8,1.07,ON,ON,ON
1618,427.25,302.2,1.07,ON,ON,ON
1619,439.45,310.8,1.07,ON,ON,ON
1620,451.66,319.4,1.07,ON,ON,ON
1621,439.45,310.8,1.07,ON,ON,ON
1622,463.87,328.1,1.07,ON,ON,ON
1623,451.66,319.4,1.07,ON,ON,ON
1624,451.66,319.4,1.07,ON,ON,ON
1625,427.25,302.2,1.07,ON,ON,ON
1626,439.45,310.8,1.07,ON,ON,ON
1627,439.45,310.8,1.07,ON,ON,ON
1628,451.66,319.4,1.07,ON,ON,ON
1629,451.66,319.4,1.07,ON,ON,ON
1630,451.66,319.4,1.07,ON,ON,ON
1631,427.25,302.2,1.07,ON,ON,ON
1632,439.45,310.8,1.07,ON,ON,ON
1633,439.45,310.8,1.07,ON,ON,ON
1634,463.87,328.1,1.07,ON,ON,ON
1635,463.87,328.1,1.07,ON,ON,ON
1636,451.66,319.4,1.07,ON,ON,ON
1637,451.66,319.4,1.07,ON,ON,ON
1638,463.87,328.1,1.07,ON,ON,ON
1639,451.66,319.4,1.07,ON,ON,ON
1640,451.66,319.4,1.07,ON,ON,ON
1641,439.45,310.8,1.07,ON,ON,ON
1642,439.45,310.8,1.07,ON,ON,ON
1643,427.25,302.2,1.07,ON,ON,ON
1644,439.45,310.8,1.07,ON,ON,ON
1645,451.66,319.4,1.07,ON,ON,ON
1646,476.07,336.7,1.07,ON,ON,ON
1647,451.66,319.4,1.07,ON,ON,ON
1648,463.87,328.1,1.07,ON,ON,ON
1649,439.45,310.8,1.07,ON,ON,ON
1650,451.66,319.4,1.07,ON,ON,ON
1651,463.87,328.1,1.07,ON,ON,ON
1652,451.66,319.4,1.07,ON,ON,ON
1653,476.07,336.7,1.07,ON,ON,ON
1654,451.66,319.4,1.07,ON,IDLE,ON
1655,476.07,336.7,1.07,ON,ON,ON
1656,451.66,319.4,1.07,ON,ON,ON
1657,476.07,336.7,1.07,ON,ON,ON
1658,463.87,328.1,1.07,ON,ON,ON
1659,463.87,328.1,1.07,ON,ON,ON
1660,439.45,310.8,1.07,ON,ON,ON
1661,439.45,310.8,1.07,ON,ON,ON
1662,463.87,328.1,1.07,ON,ON,ON
1663,451.66,319.4,1.07,ON,ON,ON
1664,451.66,319.4,1.07,ON,ON,ON
1665,451.66,319.4,1.07,ON,ON,ON
1666,451.66,319.4,1.07,ON,ON,ON
1667,451.66,319.4,1.07,ON,ON,ON
1668,439.45,310.8,1.07,ON,ON,ON
1669,439.45,310.8,1.07,ON,ON,ON
1670,451.66,319.4,1.07,ON,ON,ON
1671,463.87,328.1,1.07,ON,ON,ON
1672,463.87,328.1,1.07,ON,ON,ON
1673,451.66,319.4,1.07,ON,ON,ON
1674,451.66,319.4,1.07,ON,ON,ON
1675,439.45,310.8,1.07,ON,ON,ON
1676,451.66,319.4,1.07,ON,ON,ON
1677,439.45,310.8,1.07,ON,ON,ON
1678,451.66,319.4,1.07,ON,ON,ON
1679,463.87,328.1,1.07,ON,ON,ON
1680,439.45,310.8,1.07,ON,ON,ON
1681,451.66,319.4,1.07,ON,ON,ON
1682,451.66,319.4,1.07,ON,ON,ON
1683,451.66,319.4,1.07,ON,ON,ON
1684,451.66,319.4,1.07,ON,ON,ON
1685,451.66,319.4,1.07,ON,ON,ON
1686,463.87,328.1,1.07,ON,ON,ON
1687,451.66,319.4,1.07,ON,ON,ON
1688,439.45,310.8,1.07,ON,ON,ON
1689,451.66,319.4,1.07,ON,ON,ON
1690,439.45,310.8,1.07,ON,ON,ON
1691,439.45,310.8,1.07,ON,ON,ON
1692,439.45,310.8,1.07,ON,ON,ON
1693,451.66,319.4,1.07,ON,ON,ON
1694,451.66,319.4,1.07,ON,ON,ON
1695,488.28,345.3,1.07,ON,ON,ON
1696,451.66,319.4,1.07,ON,ON,ON
1697,476.07,336.7,1.07,ON,ON,ON
1698,463.87,328.1,1.07,ON,ON,ON
1699,451.66,319.4,1.07,ON,ON,ON
1700,463.87,328.1,1.07,ON,ON,ON
1701,439.45,310.8,1.07,ON,ON,ON
1702,439.45,310.8,1.07,ON,IDLE,OFF
1703,451.66,319.4,1.07,ON,ON,ON
1704,451.66,319.4,1.07,ON,ON,ON
1705,451.66,319.4,1.07,ON,ON,ON
1706,439.45,310.8,1.07,ON,ON,ON
1707,439.45,310.8,1.07,ON,ON,ON
1708,463.87,328.1,1.07,ON,ON,ON
1709,451.66,319.4,1.07,ON,ON,ON
1710,463.87,328.1,1.07,ON,ON,ON
1711,451.66,319.4,1.07,ON,ON,ON
1712,439.45,310.8,1.07,ON,ON,ON
1713,451.66,319.4,1.07,ON,ON,ON
1714,463.87,328.1,1.07,ON,ON,ON
1715,463.87,328.1,1.07,ON,ON,ON
1716,476.07,336.7,1.07,ON,ON,ON
1717,451.66,319.4,1.07,ON,ON,ON
1718,439.45,310.8,1.07,ON,ON,ON
1719,451.66,319.4,1.07,ON,ON,ON
1720,451.66,319.4,1.07,ON,ON,ON
1721,463.87,328.1,1.07,ON,ON,ON
1722,463.87,328.1,1.07,ON,ON,ON
1723,463.87,328.1,1.07,ON,ON,ON
1724,476.07,336.7,1.07,ON,ON,ON
1725,451.66,319.4,1.07,ON,ON,ON
1726,451.66,319.4,1.07,ON,ON,ON
1727,476.07,336.7,1.07,ON,ON,ON
1728,451.66,319.4,1.07,ON,ON,ON
1729,463.87,328.1,1.07,ON,ON,ON
1730,451.66,319.4,1.07,ON,ON,ON
1731,451.66,319.4,1.07,ON,ON,ON
1732,439.45,310.8,1.07,ON,IDLE,ON
1733,451.66,319.4,1.07,ON,ON,ON
1734,439.45,310.8,1.07,ON,ON,ON
1735,451.66,319.4,1.07,ON,ON,ON
1736,451.66,319.4,1.07,ON,ON,ON
1737,439.45,310.8,1.07,ON,ON,ON
1738,439.45,310.8,1.07,ON,IDLE,ON
1739,439.45,310.8,1.07,ON,ON,ON
1740,439.45,310.8,1.07,ON,ON,ON
1741,439.45,310.8,1.07,ON,ON,ON
1742,439.45,310.8,1.07,ON,ON,ON
1743,439.45,310.8,1.07,ON,ON,ON
1744,476.07,336.7,1.07,ON,ON,ON
1745,463.87,328.1,1.07,ON,ON,ON
1746,451.66,319.4,1.07,ON,ON,ON
1747,463.87,328.1,1.07,ON,ON,ON
1748,451.66,319.4,1.07,ON,ON,ON
1749,451.66,319.4,1.07,ON,ON,ON
1750,439.45,310.8,1.07,ON,ON,ON
1751,476.07,336.7,1.07,ON,ON,ON
1752,451.66,319.4,1.07,ON,IDLE,ON
1753,439.45,310.8,1.07,ON,ON,ON
1754,463.87,328.1,1.07,ON,ON,ON
1755,451.66,319.4,1.07,ON,ON,ON
1756,451.66,319.4,1.07,ON,ON,ON
1757,451.66,319.4,1.07,ON,ON,ON
1758,451.66,319.4,1.07,ON,ON,ON
1759,476.07,336.7,1.07,ON,ON,ON
1760,463.87,328.1,1.07,ON,ON,ON
1761,476.07,336.7,1.07,ON,ON,ON
1762,463.87,328.1,1.07,ON,ON,ON
1763,488.28,345.3,1.07,ON,ON,ON
1764,439.45,310.8,1.07,ON,ON,ON
1765,451.66,319.4,1.07,ON,ON,ON
1766,451.66,319.4,1.07,ON,ON,ON
1767,451.66,319.4,1.07,ON,ON,ON
1768,451.66,319.4,1.07,ON,ON,ON
1769,463.87,328.1,1.07,ON,ON,ON
1770,463.87,328.1,1.07,ON,ON,ON
1771,451.66,319.4,1.07,ON,ON,ON
1772,451.66,319.4,1.07,ON,ON,ON
1773,463.87,328.1,1.07,ON,ON,ON
1774,463.87,328.1,1.07,ON,ON,ON
1775,451.66,319.4,1.07,ON,ON,ON
1776,463.87,328.1,1.07,ON,ON,ON
1777,463.87,328.1,1.07,ON,ON,ON
1778,451.66,319.4,1.07,ON,ON,ON
1779,463.87,328.1,1.07,ON,ON,ON
1780,463.87,328.1,1.07,ON,ON,ON
1781,476.07,336.7,1.07,ON,ON,ON
1782,451.66,319.4,1.07,ON,ON,ON
1783,451.66,319.4,1.07,IDLE,IDLE,ON
1784,451.66,319.4,1.07,ON,ON,ON
1785,451.66,319.4,1.07,ON,ON,ON
1786,463.87,328.1,1.07,ON,ON,ON
1787,451.66,319.4,1.07,ON,ON,ON
1788,451.66,319.4,1.07,ON,ON,ON
1789,451.66,319.4,1.07,ON,ON,ON
1790,476.07,336.7,1.07,ON,ON,ON
1791,439.45,310.8,1.07,ON,ON,ON
1792,439.45,310.8,1.07,ON,ON,ON
1793,439.45,310.8,1.07,ON,ON,ON
1794,451.66,319.4,1.07,ON,ON,ON
1795,451.66,319.4,1.07,ON,ON,ON
1796,439.45,310.8,1.07,ON,ON,ON
1797,439.45,310.8,1.07,ON,ON,ON
1798,451.66,319.4,1.07,ON,ON,ON
1799,439.45,310.8,1.07,ON,ON,ON
1800,439.45,310.8,1.07,ON,ON,ON
1801,451.66,319.4,1.07,ON,ON,ON
1802,439.45,310.8,1.07,ON,ON,ON
1803,439.45,310.8,1.07,ON,ON,ON
1804,451.66,319.4,1.07,ON,ON,ON
1805,451.66,319.4,1.07,ON,ON,ON
1806,439.45,310.8,1.07,ON,ON,ON
1807,451.66,319.4,1.07,ON,ON,ON
1808,463.87,328.1,1.07,ON,ON,ON
1809,451.66,319.4,1.07,ON,ON,ON
1810,439.45,310.8,1.07,ON,ON,ON
1811,439.45,310.8,1.07,ON,ON,ON
1812,451.66,319.4,1.07,ON,ON,ON
1813,463.87,328.1,1.07,ON,ON,ON
1814,451.66,319.4,1.07,ON,ON,ON
1815,451.66,319.4,1.07,ON,ON,ON
1816,451.66,319.4,1.07,ON,ON,ON
1817,451.66,319.4,1.07,ON,IDLE,ON
1818,463.87,328.1,1.07,ON,ON,ON
1819,476.07,336.7,1.07,ON,ON,ON
1820,488.28,345.3,1.07,ON,ON,ON
1821,500.49,354.0,1.07,ON,ON,ON
1822,512.7,362.6,1.07,ON,ON,ON
1823,451.66,319.4,1.07,ON,ON,ON
1824,439.45,310.8,1.07,ON,ON,ON
1825,439.45,310.8,1.07,ON,ON,ON
1826,451.66,319.4,1.07,ON,ON,ON
1827,476.07,336.7,1.07,ON,ON,ON
1828,463.87,328.1,1.07,ON,ON,ON
1829,451.66,319.4,1.07,ON,ON,ON
1830,439.45,310.8,1.07,ON,ON,ON
1831,439.45,310.8,1.07,ON,ON,ON
1832,463.87,328.1,1.07,ON,ON,ON
1833,451.66,319.4,1.07,ON,ON,ON
1834,463.87,328.1,1.07,ON,ON,ON
1835,488.28,345.3,1.07,ON,ON,ON
1836,439.45,310.8,1.07,ON,ON,ON
1837,427.25,302.2,1.07,ON,ON,ON
1838,451.66,319.4,1.07,ON,ON,ON
1839,451.66,319.4,1.07,ON,ON,ON
1840,439.45,310.8,1.07,ON,ON,ON
1841,439.45,310.8,1.07,ON,ON,ON
1842,451.66,319.4,1.07,ON,ON,ON
1843,451.66,319.4,1.07,ON,ON,ON
1844,451.66,319.4,1.07,ON,ON,ON
1845,463.87,328.1,1.07,ON,ON,ON
1846,476.07,336.7,1.07,ON,ON,ON
1847,439.45,310.8,1.07,ON,ON,ON
1848,451.66,319.4,1.07,ON,ON,ON
1849,463.87,328.1,1.07,ON,ON,ON
1850,439.45,310.8,1.07,ON,ON,ON
1851,463.87,328.1,1.07,ON,ON,ON
1852,451.66,319.4,1.07,ON,ON,ON
1853,451.66,319.4,1.07,ON,ON,ON
1854,451.66,319.4,1.07,ON,ON,ON
1855,439.45,310.8,1.07,ON,ON,ON
1856,451.66,319.4,1.07,ON,ON,ON
1857,463.87,328.1,1.07,ON,ON,ON
1858,439.45,310.8,1.07,ON,ON,ON
1859,439.45,310.8,1.07,ON,ON,ON
1860,439.45,310.8,1.07,ON,ON,ON
1861,451.66,319.4,1.07,ON,ON,ON
1862,451.66,319.4,1.07,ON,ON,ON
1863,439.45,310.8,1.07,ON,ON,ON
1864,476.07,336.7,1.07,ON,ON,ON
1865,439.45,310.8,1.07,ON,ON,ON
1866,439.45,310.8,1.07,ON,ON,ON
1867,451.66,319.4,1.07,ON,ON,ON
1868,463.87,328.1,1.07,ON,ON,ON
1869,439.45,310.8,1.07,ON,ON,ON
1870,463.87,328.1,1.07,ON,ON,ON
1871,463.87,328.1,1.07,ON,ON,ON
1872,451.66,319.4,1.07,ON,ON,ON
1873,463.87,328.1,1.07,ON,IDLE,ON
1874,451.66,319.4,1.07,ON,ON,ON
1875,463.87,328.1,1.07,ON,ON,ON
1876,463.87,328.1,1.07,ON,ON,ON
1877,463.87,328.1,1.07,ON,ON,ON
1878,451.66,319.4,1.07,ON,ON,ON
1879,451.66,319.4,1.07,ON,ON,ON
1880,451.66,319.4,1.07,ON,ON,ON
1881,439.45,310.8,1.07,ON,ON,ON
1882,451.66,319.4,1.07,ON,ON,ON
1883,451.66,319.4,1.07,ON,ON,ON
1884,451.66,319.4,1.07,ON,ON,ON
1885,451.66,319.4,1.07,ON,ON,ON
1886,451.66,319.4,1.07,ON,ON,ON
1887,463.87,328.1,1.07,ON,ON,ON
1888,451.66,319.4,1.07,ON,ON,ON
1889,451.66,319.4,1.07,ON,ON,ON
1890,439.45,310.8,1.07,ON,ON,ON
1891,451.66,319.4,1.07,ON,ON,ON
1892,451.66,319.4,1.07,ON,ON,ON
1893,451.66,319.4,1.07,ON,ON,ON
1894,451.66,319.4,1.07,OFF,OFF,ON
1895,476.07,336.7,1.07,ON,ON,ON
1896,463.87,328.1,1.07,ON,ON,ON
1897,463.87,328.1,1.07,ON,ON,ON
1898,439.45,310.8,1.07,ON,ON,ON
1899,439.45,310.8,1.07,ON,ON,ON
1900,439.45,310.8,1.07,ON,ON,ON
1901,451.66,319.4,1.07,ON,ON,ON
1902,427.25,302.2,1.07,ON,ON,ON
1903,488.28,345.3,1.07,ON,ON,ON
1904,439.45,310.8,1.07,ON,ON,ON
1905,451.66,319.4,1.07,ON,ON,ON
1906,488.28,345.3,1.07,ON,ON,ON
1907,463.87,328.1,1.07,ON,ON,ON
1908,451.66,319.4,1.07,ON,ON,ON
1909,463.87,328.1,1.07,ON,ON,ON
1910,451.66,319.4,1.07,ON,ON,ON
1911,476.07,336.7,1.07,ON,ON,ON
1912,439.45,310.8,1.07,ON,ON,ON
1913,463.87,328.1,1.07,ON,ON,ON
1914,463.87,328.1,1.07,ON,ON,ON
1915,476.07,336.7,1.07,ON,ON,ON
1916,463.87,328.1,1.07,ON,ON,ON
1917,439.45,310.8,1.07,ON,ON,ON
1918,463.87,328.1,1.07,ON,ON,ON
1919,439.45,310.8,1.07,ON,ON,ON
1920,439.45,310.8,1.07,ON,ON,ON
1921,439.45,310.8,1.07,ON,ON,ON
1922,463.87,328.1,1.07,ON,ON,ON
1923,451.66,319.4,1.07,ON,ON,ON
1924,463.87,328.1,1.07,ON,ON,ON
1925,451.66,319.4,1.07,ON,IDLE,ON
1926,451.66,319.4,1.07,ON,ON,ON
1927,451.66,319.4,1.07,ON,ON,ON
1928,439.45,310.8,1.07,ON,ON,ON
1929,451.66,319.4,1.07,ON,ON,ON
1930,451.66,319.4,1.07,ON,ON,ON
1931,463.87,328.1,1.07,ON,ON,ON
1932,439.45,310.8,1.07,ON,ON,ON
1933,439.45,310.8,1.07,ON,ON,ON
1934,439.45,310.8,1.07,ON,ON,ON
1935,463.87,328.1,1.07,ON,ON,ON
1936,451.66,319.4,1.07,ON,ON,ON
1937,451.66,319.4,1.07,ON,ON,ON
1938,451.66,319.4,1.07,ON,ON,ON
1939,439.45,310.8,1.07,ON,ON,ON
1940,439.45,310.8,1.07,ON,ON,ON
1941,439.45,310.8,1.07,ON,ON,ON
1942,451.66,319.4,1.07,ON,ON,ON
1943,451.66,319.4,1.07,ON,ON,ON
1944,451.66,319.4,1.07,ON,ON,ON
1945,451.66,319.4,1.07,ON,ON,ON
1946,439.45,310.8,1.07,ON,ON,ON
1947,463.87,328.1,1.07,ON,ON,ON
1948,463.87,328.1,1.07,ON,ON,ON
1949,439.45,310.8,1.07,ON,ON,ON
1950,427.25,302.2,1.07,ON,ON,ON
1951,451.66,319.4,1.07,ON,ON,ON
1952,439.45,310.8,1.07,ON,ON,ON
1953,439.45,310.8,1.07,ON,ON,ON
1954,427.25,302.2,1.07,ON,ON,ON
1955,463.87,328.1,1.07,ON,ON,ON
1956,439.45,310.8,1.07,ON,ON,ON
1957,476.07,336.7,1.07,ON,ON,ON
1958,439.45,310.8,1.07,ON,ON,ON
1959,439.45,310.8,1.07,ON,ON,ON
1960,439.45,310.8,1.07,ON,ON,ON
1961,439.45,310.8,1.07,ON,ON,ON
1962,439.45,310.8,1.07,ON,ON,ON
1963,439.45,310.8,1.07,ON,ON,ON
1964,439.45,310.8,1.07,ON,ON,ON
1965,439.45,310.8,1.07,ON,ON,ON
1966,463.87,328.1,1.07,ON,ON,ON
1967,439.45,310.8,1.07,ON,ON,ON
1968,439.45,310.8,1.07,ON,ON,ON
1969,451.66,319.4,1.07,ON,ON,ON
1970,439.45,310.8,1.07,ON,ON,ON
1971,451.66,319.4,1.07,ON,ON,ON
1972,439.45,310.8,1.07,ON,ON,ON
1973,439.45,310.8,1.07,ON,ON,ON
1974,451.66,319.4,1.07,ON,ON,ON
1975,451.66,319.4,1.07,ON,ON,ON
1976,451.66,319.4,1.07,ON,ON,ON
1977,451.66,319.4,1.07,ON,ON,ON
1978,451.66,319.4,1.07,ON,ON,ON
1979,451.66,319.4,1.07,ON,ON,ON
1980,439.45,310.8,1.07,ON,ON,ON
1981,439.45,310.8,1.07,ON,ON,ON
1982,451.66,319.4,1.07,ON,ON,ON
1983,463.87,328.1,1.07,ON,ON,ON
1984,463.87,328.1,1.07,ON,ON,ON
1985,439.45,310.8,1.07,ON,ON,ON
1986,451.66,319.4,1.07,ON,ON,ON
1987,451.66,319.4,1.07,ON,ON,ON
1988,451.66,319.4,1.07,ON,ON,ON
1989,439.45,310.8,1.07,ON,ON,ON
1990,476.07,336.7,1.07,ON,ON,ON
1991,451.66,319.4,1.07,ON,ON,ON
1992,439.45,310.8,1.07,ON,ON,ON
1993,439.45,310.8,1.07,ON,ON,ON
1994,427.25,302.2,1.07,ON,ON,ON
1995,439.45,310.8,1.07,ON,ON,ON
1996,451.66,319.4,1.07,ON,ON,ON
1997,439.45,310.8,1.07,ON,ON,ON
1998,439.45,310.8,1.07,ON,ON,ON
1999,463.87,328.1,1.07,ON,ON,ON
2000,451.66,319.4,1.07,ON,ON,ON
2001,451.66,319.4,1.07,ON,ON,ON
2002,463.87,328.1,1.07,ON,ON,ON
2003,463.87,328.1,1.07,ON,ON,ON
2004,451.66,319.4,1.07,ON,ON,ON
2005,451.66,319.4,1.07,ON,ON,ON
2006,451.66,319.4,1.07,ON,ON,ON
2007,451.66,319.4,1.07,ON,ON,ON
2008,463.87,328.1,1.07,ON,ON,ON
2009,463.87,328.1,1.07,ON,ON,ON
2010,439.45,310.8,1.07,ON,ON,ON
2011,451.66,319.4,1.07,ON,ON,ON
2012,476.07,336.7,1.07,ON,ON,ON
2013,500.49,354.0,1.07,ON,ON,ON
2014,463.87,328.1,1.07,ON,ON,ON
2015,463.87,328.1,1.07,ON,ON,ON
2016,451.66,319.4,1.07,ON,ON,ON
2017,439.45,310.8,1.07,ON,ON,ON
2018,439.45,310.8,1.07,ON,ON,ON
2019,451.66,319.4,1.07,ON,ON,ON
2020,439.45,310.8,1.07,ON,ON,ON
2021,463.87,328.1,1.07,ON,ON,ON
2022,463.87,328.1,1.07,ON,ON,ON
2023,463.87,328.1,1.07,ON,ON,ON
2024,439.45,310.8,1.07,ON,ON,ON
2025,439.45,310.8,1.07,ON,ON,ON
2026,439.45,310.8,1.07,ON,ON,ON
2027,451.66,319.4,1.07,ON,ON,ON
2028,451.66,319.4,1.07,ON,ON,ON
2029,463.87,328.1,1.07,ON,ON,ON
2030,451.66,319.4,1.07,ON,ON,ON
2031,427.25,302.2,1.07,ON,ON,ON
2032,439.45,310.8,1.07,ON,ON,ON
2033,439.45,310.8,1.07,ON,ON,ON
2034,439.45,310.8,1.07,ON,ON,ON
2035,439.45,310.8,1.07,ON,ON,ON
2036,439.45,310.8,1.07,ON,ON,ON
2037,463.87,328.1,1.07,ON,ON,ON
2038,451.66,319.4,1.07,ON,ON,ON
2039,451.66,319.4,1.07,ON,ON,ON
2040,439.45,310.8,1.07,ON,ON,ON
2041,451.66,319.4,1.07,ON,ON,ON
2042,451.66,319.4,1.07,ON,ON,ON
2043,451.66,319.4,1.07,ON,ON,ON
2044,451.66,319.4,1.07,ON,ON,ON
2045,463.87,328.1,1.07,ON,ON,ON
2046,439.45,310.8,1.07,ON,ON,ON
2047,463.87,328.1,1.07,ON,ON,ON
2048,439.45,310.8,1.07,ON,ON,ON
2049,451.66,319.4,1.07,ON,ON,ON
2050,439.45,310.8,1.07,ON,ON,ON
2051,463.87,328.1,1.07,ON,ON,ON
2052,439.45,310.8,1.07,ON,ON,ON
2053,476.07,336.7,1.07,ON,ON,ON
2054,463.87,328.1,1.07,ON,ON,ON
2055,451.66,319.4,1.07,ON,ON,ON
2056,451.66,319.4,1.07,ON,ON,ON
2057,451.66,319.4,1.07,ON,ON,ON
2058,439.45,310.8,1.07,ON,ON,ON
2059,439.45,310.8,1.07,ON,ON,ON
2060,439.45,310.8,1.07,OFF,OFF,ON
2061,451.66,319.4,1.07,ON,ON,ON
2062,451.66,319.4,1.07,ON,ON,ON
2063,451.66,319.4,1.07,ON,ON,ON
2064,451.66,319.4,1.07,ON,ON,ON
2065,451.66,319.4,1.07,ON,ON,ON
2066,463.87,328.1,1.07,ON,ON,ON
2067,451.66,319.4,1.07,ON,ON,ON
2068,451.66,319.4,1.07,ON,ON,ON
2069,451.66,319.4,1.07,ON,ON,ON
2070,463.87,328.1,1.07,ON,ON,ON
2071,451.66,319.4,1.07,ON,ON,ON
2072,451.66,319.4,1.07,ON,ON,ON
2073,451.66,319.4,1.07,ON,ON,ON
2074,439.45,310.8,1.07,ON,ON,ON
2075,427.25,302.2,1.07,ON,ON,ON
2076,439.45,310.8,1.07,ON,ON,ON
2077,463.87,328.1,1.07,ON,ON,ON
2078,439.45,310.8,1.07,ON,ON,ON
2079,451.66,319.4,1.07,ON,ON,ON
2080,463.87,328.1,1.07,ON,ON,ON
2081,463.87,328.1,1.07,ON,ON,ON
2082,439.45,310.8,1.07,ON,ON,ON
2083,451.66,319.4,1.07,ON,ON,ON
2084,463.87,328.1,1.07,ON,ON,ON
2085,451.66,319.4,1.07,ON,ON,ON
2086,451.66,319.4,1.07,ON,ON,ON
2087,451.66,319.4,1.07,ON,ON,ON
2088,451.66,319.4,1.07,ON,ON,ON
2089,439.45,310.8,1.07,ON,ON,ON
2090,451.66,319.4,1.07,ON,ON,ON
2091,451.66,319.4,1.07,ON,ON,ON
2092,439.45,310.8,1.07,ON,ON,ON
2093,451.66,319.4,1.07,ON,ON,ON
2094,451.66,319.4,1.07,ON,ON,ON
2095,439.45,310.8,1.07,ON,ON,ON
2096,463.87,328.1,1.07,ON,ON,ON
2097,439.45,310.8,1.07,ON,ON,ON
2098,451.66,319.4,1.07,ON,ON,ON
2099,463.87,328.1,1.07,ON,ON,ON
2100,451.66,319.4,1.07,ON,ON,ON
2101,439.45,310.8,1.07,ON,ON,ON
2102,439.45,310.8,1.07,ON,ON,ON
2103,439.45,310.8,1.07,ON,ON,ON
2104,463.87,328.1,1.07,ON,ON,ON
2105,451.66,319.4,1.07,ON,ON,ON
2106,451.66,319.4,1.07,ON,ON,ON
2107,451.66,319.4,1.07,ON,ON,ON
2108,463.87,328.1,1.07,ON,IDLE,ON
2109,427.25,302.2,1.07,ON,ON,ON
2110,463.87,328.1,1.07,ON,ON,ON
2111,476.07,336.7,1.07,ON,ON,ON
2112,463.87,328.1,1.07,ON,ON,ON
2113,476.07,336.7,1.07,ON,ON,ON
2114,439.45,310.8,1.07,ON,ON,ON
2115,476.07,336.7,1.07,ON,ON,ON
2116,463.87,328.1,1.07,ON,ON,ON
2117,463.87,328.1,1.07,ON,ON,ON
2118,451.66,319.4,1.07,ON,ON,ON
2119,427.25,302.2,1.07,ON,ON,ON
2120,463.87,328.1,1.07,ON,ON,ON
2121,451.66,319.4,1.07,ON,ON,ON
2122,439.45,310.8,1.07,ON,ON,ON
2123,451.66,319.4,1.07,ON,ON,ON
2124,463.87,328.1,1.07,ON,ON,ON
2125,451.66,319.4,1.07,ON,ON,ON
2126,451.66,319.4,1.07,ON,ON,ON
2127,463.87,328.1,1.07,ON,ON,ON
2128,463.87,328.1,1.07,ON,ON,ON
2129,463.87,328.1,1.07,ON,ON,ON
2130,451.66,319.4,1.07,ON,ON,ON
2131,463.87,328.1,1.07,ON,ON,ON
2132,463.87,328.1,1.07,ON,ON,ON
2133,451.66,319.4,1.07,ON,ON,ON
2134,439.45,310.8,1.07,ON,ON,ON
2135,463.87,328.1,1.07,ON,ON,ON
2136,439.45,310.8,1.07,ON,ON,ON
2137,451.66,319.4,1.07,ON,ON,ON
2138,439.45,310.8,1.07,ON,ON,ON
2139,439.45,310.8,1.07,ON,ON,ON
2140,451.66,319.4,1.07,ON,ON,ON
2141,427.25,302.2,1.07,ON,ON,ON
2142,439.45,310.8,1.07,ON,ON,ON
2143,427.25,302.2,1.07,ON,ON,ON
2144,427.25,302.2,1.07,ON,ON,ON
2145,439.45,310.8,1.07,ON,ON,ON
2146,439.45,310.8,1.07,ON,ON,ON
2147,439.45,310.8,1.07,ON,ON,ON
2148,439.45,310.8,1.07,ON,ON,ON
2149,439.45,310.8,1.07,ON,ON,ON
2150,427.25,302.2,1.07,ON,ON,ON
2151,439.45,310.8,1.07,ON,ON,ON
2152,463.87,328.1,1.07,ON,ON,ON
2153,439.45,310.8,1.07,ON,ON,ON
2154,476.07,336.7,1.07,ON,ON,ON
2155,451.66,319.4,1.07,ON,ON,ON
2156,451.66,319.4,1.07,ON,ON,ON
2157,463.87,328.1,1.07,ON,ON,ON
2158,463.87,328.1,1.07,ON,ON,ON
2159,451.66,319.4,1.07,ON,ON,ON
2160,476.07,336.7,1.07,ON,ON,ON
2161,451.66,319.4,1.07,ON,ON,ON
2162,451.66,319.4,1.07,ON,ON,ON
2163,439.45,310.8,1.07,ON,ON,ON
2164,439.45,310.8,1.07,ON,ON,ON
2165,463.87,328.1,1.07,ON,ON,ON
2166,439.45,310.8,1.07,ON,ON,ON
2167,439.45,310.8,1.07,ON,ON,ON
2168,451.66,319.4,1.07,ON,ON,ON
2169,488.28,345.3,1.07,ON,ON,ON
2170,451.66,319.4,1.07,ON,ON,ON
2171,451.66,319.4,1.07,ON,IDLE,ON
2172,439.45,310.8,1.07,ON,ON,ON
2173,463.87,328.1,1.07,ON,ON,ON
2174,451.66,319.4,1.07,ON,ON,ON
2175,463.87,328.1,1.07,ON,ON,ON
2176,451.66,319.4,1.07,ON,ON,ON
2177,439.45,310.8,1.07,ON,ON,ON
2178,439.45,310.8,1.07,ON,ON,ON
2179,463.87,328.1,1.07,ON,ON,ON
2180,439.45,310.8,1.07,ON,ON,ON
2181,451.66,319.4,1.07,ON,ON,ON
2182,439.45,310.8,1.07,ON,ON,ON
2183,488.28,345.3,1.07,ON,ON,ON
2184,463.87,328.1,1.07,ON,ON,ON
2185,451.66,319.4,1.07,ON,ON,ON
2186,451.66,319.4,1.07,ON,ON,ON
2187,451.66,319.4,1.07,ON,ON,ON
2188,451.66,319.4,1.07,ON,ON,ON
2189,439.45,310.8,1.07,ON,ON,ON
2190,463.87,328.1,1.07,ON,ON,ON
2191,451.66,319.4,1.07,ON,ON,ON
2192,451.66,319.4,1.07,ON,ON,ON
2193,451.66,319.4,1.07,ON,ON,ON
2194,451.66,319.4,1.07,ON,ON,ON
2195,451.66,319.4,1.07,ON,ON,ON
2196,439.45,310.8,1.07,ON,ON,ON
2197,451.66,319.4,1.07,ON,ON,ON
2198,451.66,319.4,1.07,ON,ON,ON
2199,439.45,310.8,1.07,ON,ON,ON
2200,463.87,328.1,1.07,ON,ON,ON
2201,451.66,319.4,1.07,ON,ON,ON
2202,451.66,319.4,1.07,ON,ON,ON
2203,451.66,319.4,1.07,ON,ON,ON
2204,451.66,319.4,1.07,ON,ON,ON
2205,451.66,319.4,1.07,ON,ON,ON
2206,451.66,319.4,1.07,ON,ON,ON
2207,451.66,319.4,1.07,ON,ON,ON
2208,451.66,319.4,1.07,ON,ON,ON
2209,451.66,319.4,1.07,ON,ON,ON
2210,463.87,328.1,1.07,ON,ON,ON
2211,439.45,310.8,1.07,ON,ON,ON
2212,451.66,319.4,1.07,ON,ON,ON
2213,463.87,328.1,1.07,ON,ON,ON
2214,451.66,319.4,1.07,ON,ON,ON
2215,463.87,328.1,1.07,ON,ON,ON
2216,451.66,319.4,1.07,ON,ON,ON
2217,476.07,336.7,1.07,ON,ON,ON
2218,463.87,328.1,1.07,ON,ON,ON
2219,476.07,336.7,1.07,ON,ON,ON
2220,463.87,328.1,1.07,ON,ON,ON
2221,463.87,328.1,1.07,ON,ON,ON
2222,451.66,319.4,1.07,ON,ON,ON
2223,451.66,319.4,1.07,ON,ON,ON
2224,463.87,328.1,1.07,ON,ON,ON
2225,463.87,328.1,1.07,ON,ON,ON
2226,439.45,310.8,1.07,ON,ON,ON
2227,451.66,319.4,1.07,ON,ON,ON
2228,439.45,310.8,1.07,ON,ON,ON
2229,488.28,345.3,1.07,ON,ON,ON
2230,451.66,319.4,1.07,ON,ON,ON
2231,476.07,336.7,1.07,ON,ON,ON
2232,463.87,328.1,1.07,ON,ON,ON
2233,451.66,319.4,1.07,ON,ON,ON
2234,463.87,328.1,1.07,ON,ON,ON
2235,463.87,328.1,1.07,ON,ON,ON
2236,463.87,328.1,1.07,ON,ON,ON
2237,463.87,328.1,1.07,ON,ON,ON
2238,476.07,336.7,1.07,ON,ON,ON
2239,463.87,328.1,1.07,ON,ON,ON
2240,476.07,336.7,1.07,ON,ON,ON
2241,463.87,328.1,1.07,ON,ON,ON
2242,463.87,328.1,1.07,ON,ON,ON
2243,476.07,336.7,1.07,ON,ON,ON
2244,451.66,319.4,1.07,ON,ON,ON
2245,488.28,345.3,1.07,ON,ON,ON
2246,451.66,319.4,1.07,ON,ON,ON
2247,451.66,319.4,1.06,ON,ON,ON
2248,451.66,319.4,1.07,ON,ON,ON
2249,451.66,319.4,1.07,ON,ON,ON
2250,463.87,328.1,1.07,ON,ON,ON
2251,463.87,328.1,1.07,ON,ON,ON
2252,451.66,319.4,1.07,ON,ON,ON
2253,451.66,319.4,1.07,ON,ON,ON
2254,451.66,319.4,1.07,ON,ON,ON
2255,476.07,336.7,1.07,ON,ON,ON
2256,463.87,328.1,1.07,ON,ON,ON
2257,463.87,328.1,1.07,ON,ON,ON
2258,463.87,328.1,1.07,ON,ON,ON
2259,463.87,328.1,1.07,ON,ON,ON
2260,463.87,328.1,1.07,ON,ON,ON
2261,451.66,319.4,1.07,ON,ON,ON
2262,476.07,336.7,1.07,ON,ON,ON
2263,476.07,336.7,1.07,ON,ON,ON
2264,463.87,328.1,1.07,ON,ON,ON
2265,476.07,336.7,1.07,ON,ON,ON
2266,451.66,319.4,1.07,ON,ON,ON
2267,488.28,345.3,1.07,ON,ON,ON
2268,463.87,328.1,1.07,ON,ON,ON
2269,439.45,310.8,1.07,ON,ON,ON
2270,463.87,328.1,1.07,ON,ON,ON
2271,451.66,319.4,1.07,ON,ON,ON
2272,463.87,328.1,1.07,ON,ON,ON
2273,439.45,310.8,1.07,ON,ON,ON
2274,463.87,328.1,1.07,ON,ON,ON
2275,451.66,319.4,1.07,ON,ON,ON
2276,451.66,319.4,1.07,ON,IDLE,ON
2277,463.87,328.1,1.07,ON,ON,ON
2278,451.66,319.4,1.07,ON,ON,ON
2279,488.28,345.3,1.07,ON,ON,ON
2280,463.87,328.1,1.07,ON,ON,ON
2281,463.87,328.1,1.07,ON,ON,ON
2282,451.66,319.4,1.07,ON,ON,ON
2283,476.07,336.7,1.07,ON,ON,ON
2284,463.87,328.1,1.07,ON,ON,ON
2285,451.66,319.4,1.07,ON,ON,ON
2286,476.07,336.7,1.07,ON,ON,ON
2287,451.66,319.4,1.07,ON,ON,ON
2288,463.87,328.1,1.07,ON,ON,ON
2289,451.66,319.4,1.07,ON,ON,ON
2290,451.66,319.4,1.07,ON,ON,ON
2291,451.66,319.4,1.07,ON,ON,ON
2292,476.07,336.7,1.07,ON,ON,ON
2293,463.87,328.1,1.07,ON,ON,ON
2294,439.45,310.8,1.07,ON,ON,ON
2295,439.45,310.8,1.07,ON,ON,ON
2296,451.66,319.4,1.07,ON,ON,ON
2297,463.87,328.1,1.07,ON,ON,ON
2298,439.45,310.8,1.07,ON,ON,ON
2299,439.45,310.8,1.07,ON,ON,ON
2300,439.45,310.8,1.07,ON,ON,ON
2301,451.66,319.4,1.07,ON,ON,ON
2302,439.45,310.8,1.07,ON,ON,ON
2303,439.45,310.8,1.07,ON,ON,ON
2304,451.66,319.4,1.07,ON,ON,ON
2305,451.66,319.4,1.07,ON,ON,ON
2306,439.45,310.8,1.07,ON,ON,ON
2307,427.25,302.2,1.07,ON,ON,ON
2308,463.87,328.1,1.07,ON,ON,ON
2309,451.66,319.4,1.07,ON,IDLE,ON
2310,439.45,310.8,1.07,ON,ON,ON
2311,463.87,328.1,1.07,ON,ON,ON
2312,451.66,319.4,1.07,ON,ON,ON
2313,463.87,328.1,1.07,ON,ON,ON
2314,451.66,319.4,1.07,ON,ON,ON
2315,439.45,310.8,1.07,ON,ON,ON
2316,463.87,328.1,1.07,ON,ON,ON
2317,463.87,328.1,1.07,ON,ON,ON
2318,439.45,310.8,1.07,ON,ON,ON
2319,463.87,328.1,1.07,ON,ON,ON
2320,451.66,319.4,1.07,ON,ON,ON
2321,439.45,310.8,1.07,ON,ON,ON
2322,439.45,310.8,1.07,ON,ON,ON
2323,476.07,336.7,1.07,ON,ON,ON
2324,463.87,328.1,1.07,ON,ON,ON
2325,439.45,310.8,1.07,ON,ON,ON
2326,463.87,328.1,1.07,ON,ON,ON
2327,451.66,319.4,1.07,ON,ON,ON
2328,451.66,319.4,1.07,ON,ON,ON
2329,463.87,328.1,1.07,ON,ON,ON
2330,439.45,310.8,1.07,ON,ON,ON
2331,451.66,319.4,1.07,ON,ON,ON
2332,463.87,328.1,1.07,ON,ON,ON
2333,439.45,310.8,1.07,ON,ON,ON
2334,439.45,310.8,1.07,ON,ON,ON
2335,427.25,302.2,1.07,ON,ON,ON
2336,439.45,310.8,1.07,ON,ON,ON
2337,451.66,319.4,1.07,ON,ON,ON
2338,451.66,319.4,1.07,ON,ON,ON
2339,439.45,310.8,1.07,ON,ON,ON
2340,439.45,310.8,1.07,ON,ON,ON
2341,476.07,336.7,1.07,ON,ON,ON
2342,463.87,328.1,1.07,ON,ON,ON
2343,463.87,328.1,1.07,ON,ON,ON
2344,463.87,328.1,1.07,ON,ON,ON
2345,463.87,328.1,1.07,ON,ON,ON
2346,463.87,328.1,1.07,ON,ON,ON
2347,439.45,310.8,1.07,ON,ON,ON
2348,476.07,336.7,1.07,ON,ON,ON
2349,439.45,310.8,1.07,ON,ON,ON
2350,439.45,310.8,1.07,ON,ON,ON
2351,439.45,310.8,1.07,ON,ON,ON
2352,451.66,319.4,1.07,ON,ON,ON
2353,439.45,310.8,1.07,ON,ON,ON
2354,451.66,319.4,1.07,ON,ON,ON
2355,451.66,319.4,1.07,ON,ON,ON
2356,427.25,302.2,1.07,ON,ON,ON
2357,427.25,302.2,1.07,ON,ON,ON
2358,427.25,302.2,1.07,ON,ON,ON
2359,427.25,302.2,1.07,ON,ON,ON
2360,439.45,310.8,1.07,ON,ON,ON
2361,439.45,310.8,1.07,ON,ON,ON
2362,439.45,310.8,1.07,ON,ON,ON
2363,439.45,310.8,1.07,ON,ON,ON
2364,427.25,302.2,1.07,ON,ON,ON
2365,427.25,302.2,1.07,ON,ON,ON
2366,427.25,302.2,1.07,ON,ON,ON
2367,427.25,302.2,1.07,ON,ON,ON
2368,427.25,302.2,1.07,ON,ON,ON
2369,463.87,328.1,1.07,ON,ON,ON
2370,451.66,319.4,1.07,ON,ON,ON
2371,439.45,310.8,1.07,ON,ON,ON
2372,451.66,319.4,1.07,ON,ON,ON
2373,451.66,319.4,1.07,ON,ON,ON
2374,439.45,310.8,1.07,ON,ON,ON
2375,427.25,302.2,1.07,ON,ON,ON
2376,463.87,328.1,1.07,ON,ON,ON
2377,476.07,336.7,1.07,ON,ON,ON
2378,451.66,319.4,1.07,ON,ON,ON
2379,451.66,319.4,1.07,ON,ON,ON
2380,451.66,319.4,1.07,ON,ON,ON
2381,451.66,319.4,1.07,ON,ON,ON
2382,451.66,319.4,1.07,ON,ON,ON
2383,451.66,319.4,1.07,ON,ON,ON
2384,463.87,328.1,1.07,ON,ON,ON
2385,439.45,310.8,1.07,ON,ON,ON
2386,451.66,319.4,1.07,ON,ON,ON
2387,439.45,310.8,1.07,ON,ON,ON
2388,463.87,328.1,1.07,ON,ON,ON
2389,451.66,319.4,1.07,ON,ON,ON
2390,451.66,319.4,1.07,ON,ON,ON
2391,451.66,319.4,1.07,ON,ON,ON
2392,463.87,328.1,1.07,ON,ON,ON
2393,439.45,310.8,1.07,ON,ON,ON
2394,463.87,328.1,1.07,ON,ON,ON
2395,451.66,319.4,1.07,ON,IDLE,ON
2396,451.66,319.4,1.07,ON,ON,ON
2397,439.45,310.8,1.07,ON,ON,ON
2398,451.66,319.4,1.07,ON,ON,ON
2399,439.45,310.8,1.07,ON,ON,ON
2400,427.25,302.2,1.07,ON,ON,ON
2401,439.45,310.8,1.07,ON,ON,ON
2402,476.07,336.7,1.07,ON,ON,ON
2403,451.66,319.4,1.07,ON,ON,ON
2404,451.66,319.4,1.07,ON,ON,ON
2405,451.66,319.4,1.07,ON,ON,ON
2406,451.66,319.4,1.07,ON,ON,ON
2407,451.66,319.4,1.07,ON,ON,ON
2408,451.66,319.4,1.07,ON,ON,ON
2409,427.25,302.2,1.07,ON,ON,ON
2410,427.25,302.2,1.07,ON,ON,ON
2411,427.25,302.2,1.07,ON,ON,ON
2412,427.25,302.2,1.07,ON,ON,ON
2413,427.25,302.2,1.07,ON,ON,ON
2414,451.66,319.4,1.07,ON,ON,ON
2415,451.66,319.4,1.07,ON,ON,ON
2416,427.25,302.2,1.07,ON,ON,ON
2417,451.66,319.4,1.07,ON,ON,ON
2418,451.66,319.4,1.07,ON,ON,ON
2419,451.66,319.4,1.07,ON,ON,ON
2420,451.66,319.4,1.07,ON,ON,ON
2421,451.66,319.4,1.07,ON,ON,ON
2422,439.45,310.8,1.07,ON,ON,ON
2423,451.66,319.4,1.07,ON,ON,ON
2424,463.87,328.1,1.07,ON,ON,ON
2425,439.45,310.8,1.07,ON,ON,ON
2426,451.66,319.4,1.07,ON,ON,ON
2427,439.45,310.8,1.07,ON,ON,ON
2428,476.07,336.7,1.07,ON,ON,ON
2429,439.45,310.8,1.07,ON,ON,ON
2430,439.45,310.8,1.07,ON,ON,ON
2431,451.66,319.4,1.07,ON,ON,ON
2432,451.66,319.4,1.07,ON,ON,ON
2433,451.66,319.4,1.07,ON,ON,ON
2434,439.45,310.8,1.07,ON,ON,ON
2435,439.45,310.8,1.07,ON,ON,ON
2436,451.66,319.4,1.07,ON,ON,ON
2437,463.87,328.1,1.07,ON,ON,ON
2438,476.07,336.7,1.07,ON,ON,ON
2439,439.45,310.8,1.07,ON,ON,ON
2440,439.45,310.8,1.07,ON,ON,ON
2441,451.66,319.4,1.07,ON,ON,ON
2442,451.66,319.4,1.07,ON,ON,ON
2443,439.45,310.8,1.07,ON,ON,ON
2444,439.45,310.8,1.07,ON,ON,ON
2445,439.45,310.8,1.07,ON,ON,ON
2446,451.66,319.4,1.07,ON,ON,ON
2447,463.87,328.1,1.07,ON,ON,ON
2448,427.25,302.2,1.07,ON,ON,ON
2449,427.25,302.2,1.07,ON,ON,ON
2450,451.66,319.4,1.07,ON,ON,ON
2451,439.45,310.8,1.07,ON,ON,ON
2452,439.45,310.8,1.07,ON,ON,ON
2453,439.45,310.8,1.07,ON,ON,ON
2454,439.45,310.8,1.07,ON,ON,ON
2455,439.45,310.8,1.07,ON,ON,ON
2456,451.66,319.4,1.07,ON,ON,ON
2457,439.45,310.8,1.07,ON,ON,ON
2458,451.66,319.4,1.07,ON,ON,ON
2459,476.07,336.7,1.07,ON,ON,ON
2460,463.87,328.1,1.07,ON,ON,ON
2461,463.87,328.1,1.07,ON,ON,ON
2462,451.66,319.4,1.07,ON,ON,ON
2463,439.45,310.8,1.07,ON,ON,ON
2464,451.66,319.4,1.07,ON,ON,ON
2465,476.07,336.7,1.07,ON,ON,ON
2466,463.87,328.1,1.07,ON,ON,ON
2467,439.45,310.8,1.07,ON,ON,ON
2468,451.66,319.4,1.07,ON,ON,ON
2469,451.66,319.4,1.07,ON,ON,ON
2470,451.66,319.4,1.07,ON,ON,ON
2471,451.66,319.4,1.07,ON,ON,ON
2472,488.28,345.3,1.07,ON,ON,ON
2473,439.45,310.8,1.07,ON,ON,ON
2474,439.45,310.8,1.07,ON,ON,ON
2475,451.66,319.4,1.07,ON,ON,ON
2476,451.66,319.4,1.07,ON,ON,ON
2477,439.45,310.8,1.07,ON,ON,ON
2478,439.45,310.8,1.07,ON,ON,ON
2479,451.66,319.4,1.07,ON,ON,ON
2480,463.87,328.1,1.07,ON,ON,ON
2481,463.87,328.1,1.07,ON,ON,ON
2482,463.87,328.1,1.07,ON,ON,ON
2483,451.66,319.4,1.07,ON,ON,ON
2484,451.66,319.4,1.07,ON,ON,ON
2485,463.87,328.1,1.07,ON,ON,ON
2486,451.66,319.4,1.07,ON,ON,ON
2487,463.87,328.1,1.07,ON,ON,ON
2488,463.87,328.1,1.07,ON,ON,ON
2489,439.45,310.8,1.07,ON,ON,ON
2490,451.66,319.4,1.07,ON,ON,ON
2491,451.66,319.4,1.07,ON,ON,ON
2492,451.66,319.4,1.07,ON,ON,ON
2493,451.66,319.4,1.07,ON,ON,ON
2494,439.45,310.8,1.07,ON,ON,ON
2495,476.07,336.7,1.07,ON,ON,ON
2496,439.45,310.8,1.07,ON,ON,ON
2497,463.87,328.1,1.07,ON,ON,ON
2498,451.66,319.4,1.07,ON,ON,ON
2499,451.66,319.4,1.07,ON,ON,ON
2500,476.07,336.7,1.07,ON,ON,ON
2501,439.45,310.8,1.07,ON,ON,ON
2502,451.66,319.4,1.07,ON,ON,ON
2503,463.87,328.1,1.07,ON,ON,ON
2504,451.66,319.4,1.07,ON,ON,ON
2505,427.25,302.2,1.07,ON,ON,ON
2506,439.45,310.8,1.07,ON,ON,ON
2507,451.66,319.4,1.07,ON,ON,ON
2508,451.66,319.4,1.07,ON,ON,ON
2509,427.25,302.2,1.07,ON,ON,ON
2510,451.66,319.4,1.07,ON,ON,ON
2511,451.66,319.4,1.07,ON,ON,ON
2512,451.66,319.4,1.07,ON,IDLE,ON
2513,439.45,310.8,1.07,ON,ON,ON
2514,451.66,319.4,1.07,ON,ON,ON
2515,439.45,310.8,1.07,ON,ON,ON
2516,451.66,319.4,1.07,ON,ON,ON
2517,439.45,310.8,1.07,ON,ON,ON
2518,439.45,310.8,1.07,ON,ON,ON
2519,439.45,310.8,1.07,ON,ON,ON
2520,451.66,319.4,1.07,ON,ON,ON
2521,427.25,302.2,1.07,ON,ON,ON
2522,427.25,302.2,1.07,ON,ON,ON
2523,427.25,302.2,1.07,ON,ON,ON
2524,439.45,310.8,1.07,ON,ON,ON
2525,427.25,302.2,1.07,ON,ON,ON
2526,427.25,302.2,1.07,ON,ON,ON
2527,427.25,302.2,1.07,ON,ON,ON
2528,427.25,302.2,1.07,ON,ON,ON
2529,439.45,310.8,1.07,ON,ON,ON
2530,451.66,319.4,1.07,ON,ON,ON
2531,451.66,319.4,1.07,ON,ON,ON
2532,439.45,310.8,1.07,ON,ON,ON
2533,439.45,310.8,1.07,ON,ON,ON
2534,439.45,310.8,1.07,ON,ON,ON
2535,451.66,319.4,1.07,ON,ON,ON
2536,463.87,328.1,1.07,ON,ON,ON
2537,427.25,302.2,1.07,ON,ON,ON
2538,451.66,319.4,1.07,ON,ON,ON
2539,439.45,310.8,1.07,ON,ON,ON
2540,451.66,319.4,1.07,ON,ON,ON
2541,439.45,310.8,1.07,ON,ON,ON
2542,439.45,310.8,1.07,ON,ON,ON
2543,439.45,310.8,1.07,ON,ON,ON
2544,476.07,336.7,1.07,ON,ON,ON
2545,463.87,328.1,1.07,ON,ON,ON
2546,439.45,310.8,1.07,ON,ON,ON
2547,463.87,328.1,1.07,ON,ON,ON
2548,439.45,310.8,1.07,ON,ON,ON
2549,427.25,302.2,1.07,ON,ON,ON
2550,439.45,310.8,1.07,ON,ON,ON
2551,439.45,310.8,1.07,ON,ON,ON
2552,451.66,319.4,1.07,ON,ON,ON
2553,439.45,310.8,1.07,ON,ON,ON
2554,439.45,310.8,1.07,ON,ON,ON
2555,476.07,336.7,1.07,ON,ON,ON
2556,451.66,319.4,1.07,ON,ON,ON
2557,451.66,319.4,1.07,ON,ON,ON
2558,439.45,310.8,1.07,ON,ON,ON
2559,463.87,328.1,1.07,ON,ON,ON
2560,463.87,328.1,1.07,ON,ON,ON
2561,427.25,302.2,1.07,ON,ON,ON
2562,439.45,310.8,1.07,ON,ON,ON
2563,427.25,302.2,1.07,ON,ON,ON
2564,451.66,319.4,1.07,ON,ON,ON
2565,439.45,310.8,1.07,ON,ON,ON
2566,439.45,310.8,1.07,ON,ON,ON
2567,451.66,319.4,1.07,ON,ON,ON
2568,463.87,328.1,1.07,ON,ON,ON
2569,427.25,302.2,1.07,ON,ON,ON
2570,439.45,310.8,1.07,ON,ON,ON
2571,439.45,310.8,1.07,ON,ON,ON
2572,451.66,319.4,1.07,ON,ON,ON
2573,439.45,310.8,1.07,ON,ON,ON
2574,439.45,310.8,1.07,ON,ON,ON
2575,451.66,319.4,1.07,ON,ON,ON
2576,451.66,319.4,1.07,ON,ON,ON
2577,451.66,319.4,1.07,ON,ON,ON
2578,451.66,319.4,1.07,ON,ON,ON
2579,427.25,302.2,1.07,ON,ON,ON
2580,451.66,319.4,1.07,ON,ON,ON
2581,476.07,336.7,1.07,ON,ON,ON
2582,439.45,310.8,1.07,ON,ON,ON
2583,427.25,302.2,1.07,ON,ON,ON
2584,463.87,328.1,1.06,ON,ON,ON
2585,463.87,328.1,1.07,ON,ON,ON
2586,439.45,310.8,1.07,ON,ON,ON
2587,439.45,310.8,1.07,ON,ON,ON
2588,439.45,310.8,1.07,ON,ON,ON
2589,439.45,310.8,1.07,ON,ON,ON
2590,439.45,310.8,1.07,ON,ON,ON
2591,451.66,319.4,1.07,ON,ON,ON
2592,439.45,310.8,1.07,ON,ON,ON
2593,451.66,319.4,1.07,ON,ON,ON
2594,439.45,310.8,1.07,ON,ON,ON
2595,451.66,319.4,1.07,ON,ON,ON
2596,427.25,302.2,1.07,ON,ON,ON
2597,476.07,336.7,1.07,ON,ON,ON
2598,439.45,310.8,1.07,ON,ON,ON
2599,439.45,310.8,1.07,ON,ON,ON
2600,439.45,310.8,1.07,ON,ON,ON
2601,451.66,319.4,1.07,ON,ON,ON
2602,451.66,319.4,1.07,ON,ON,ON
2603,439.45,310.8,1.07,ON,IDLE,ON
2604,463.87,328.1,1.07,ON,ON,ON
2605,451.66,319.4,1.07,ON,ON,ON
2606,439.45,310.8,1.07,ON,ON,ON
2607,451.66,319.4,1.07,ON,ON,ON
2608,451.66,319.4,1.07,ON,ON,ON
2609,451.66,319.4,1.07,ON,ON,ON
2610,439.45,310.8,1.07,IDLE,IDLE,ON
2611,439.45,310.8,1.07,ON,ON,ON
2612,439.45,310.8,1.07,ON,ON,ON
2613,451.66,319.4,1.07,ON,ON,ON
2614,439.45,310.8,1.07,ON,ON,ON
2615,439.45,310.8,1.07,ON,ON,ON
2616,451.66,319.4,1.07,ON,ON,ON
2617,451.66,319.4,1.07,ON,ON,ON
2618,439.45,310.8,1.07,ON,ON,ON
2619,451.66,319.4,1.07,ON,ON,ON
2620,439.45,310.8,1.07,ON,ON,ON
2621,439.45,310.8,1.07,ON,ON,ON
2622,451.66,319.4,1.07,ON,ON,ON
2623,439.45,310.8,1.07,ON,ON,ON
2624,451.66,319.4,1.07,ON,IDLE,ON
2625,463.87,328.1,1.07,ON,ON,ON
2626,439.45,310.8,1.07,ON,ON,ON
2627,439.45,310.8,1.07,ON,ON,ON
2628,451.66,319.4,1.07,ON,ON,ON
2629,439.45,310.8,1.07,ON,ON,ON
2630,451.66,319.4,1.07,ON,ON,ON
2631,439.45,310.8,1.07,ON,ON,ON
2632,451.66,319.4,1.07,ON,ON,ON
2633,427.25,302.2,1.07,ON,ON,ON
2634,427.25,302.2,1.07,ON,ON,ON
2635,439.45,310.8,1.07,ON,ON,ON
2636,439.45,310.8,1.07,ON,ON,ON
2637,451.66,319.4,1.07,ON,ON,ON
2638,463.87,328.1,1.07,ON,ON,ON
2639,427.25,302.2,1.07,ON,ON,ON
2640,439.45,310.8,1.07,ON,ON,ON
2641,463.87,328.1,1.07,ON,ON,ON
2642,439.45,310.8,1.07,ON,ON,ON
2643,427.25,302.2,1.07,ON,ON,ON
2644,415.04,293.5,1.07,ON,ON,ON
2645,451.66,319.4,1.07,ON,ON,ON
2646,439.45,310.8,1.07,ON,ON,ON
2647,451.66,319.4,1.07,ON,ON,ON
2648,439.45,310.8,1.07,ON,ON,ON
2649,451.66,319.4,1.07,ON,ON,ON
2650,439.45,310.8,1.07,ON,ON,ON
2651,451.66,319.4,1.07,ON,ON,ON
2652,427.25,302.2,1.07,ON,ON,ON
2653,427.25,302.2,1.07,ON,ON,ON
2654,427.25,302.2,1.07,ON,ON,ON
2655,463.87,328.1,1.07,ON,ON,ON
2656,427.25,302.2,1.07,ON,ON,ON
2657,439.45,310.8,1.07,ON,ON,ON
2658,451.66,319.4,1.07,ON,ON,ON
2659,439.45,310.8,1.07,ON,ON,ON
2660,439.45,310.8,1.07,ON,ON,ON
2661,451.66,319.4,1.07,ON,ON,ON
2662,463.87,328.1,1.07,ON,ON,ON
2663,427.25,302.2,1.07,ON,ON,ON
2664,427.25,302.2,1.07,ON,ON,ON
2665,451.66,319.4,1.07,ON,ON,ON
2666,439.45,310.8,1.07,ON,ON,ON
2667,427.25,302.2,1.07,ON,ON,ON
2668,439.45,310.8,1.07,ON,ON,ON
2669,427.25,302.2,1.07,ON,ON,ON
2670,439.45,310.8,1.07,ON,ON,ON
2671,439.45,310.8,1.07,OFF,OFF,ON
2672,427.25,302.2,1.07,ON,ON,ON
2673,427.25,302.2,1.07,ON,ON,ON
2674,451.66,319.4,1.07,ON,ON,ON
2675,439.45,310.8,1.07,ON,ON,ON
2676,415.04,293.5,1.07,ON,ON,ON
2677,439.45,310.8,1.07,ON,ON,ON
2678,439.45,310.8,1.07,ON,ON,ON
2679,427.25,302.2,1.07,ON,ON,ON
2680,439.45,310.8,1.07,ON,ON,ON
2681,427.25,302.2,1.07,ON,ON,ON
2682,451.66,319.4,1.07,ON,ON,ON
2683,451.66,319.4,1.07,ON,ON,ON
2684,439.45,310.8,1.07,ON,ON,ON
2685,427.25,302.2,1.07,ON,ON,ON
2686,463.87,328.1,1.07,ON,ON,ON
2687,451.66,319.4,1.07,ON,ON,ON
2688,427.25,302.2,1.07,ON,ON,ON
2689,427.25,302.2,1.07,ON,ON,ON
2690,451.66,319.4,1.07,ON,ON,ON
2691,427.25,302.2,1.07,ON,ON,ON
2692,439.45,310.8,1.07,ON,ON,ON
2693,451.66,319.4,1.07,ON,ON,ON
2694,439.45,310.8,1.07,ON,ON,ON
2695,451.66,319.4,1.07,ON,ON,ON
2696,427.25,302.2,1.06,ON,ON,ON
2697,463.87,328.1,1.07,ON,ON,ON
2698,427.25,302.2,1.07,ON,ON,ON
2699,427.25,302.2,1.07,ON,ON,ON
2700,439.45,310.8,1.07,ON,ON,ON
2701,427.25,302.2,1.07,ON,ON,ON
2702,415.04,293.5,1.07,ON,ON,ON
2703,427.25,302.2,1.07,ON,ON,ON
2704,451.66,319.4,1.07,ON,ON,ON
2705,451.66,319.4,1.07,ON,ON,ON
2706,451.66,319.4,1.07,ON,ON,ON
2707,463.87,328.1,1.07,ON,ON,ON
2708,451.66,319.4,1.07,ON,ON,ON
2709,439.45,310.8,1.07,ON,ON,ON
2710,451.66,319.4,1.07,ON,ON,ON
2711,439.45,310.8,1.07,ON,ON,ON
2712,427.25,302.2,1.07,ON,ON,ON
2713,463.87,328.1,1.07,ON,ON,ON
2714,439.45,310.8,1.07,ON,ON,ON
2715,439.45,310.8,1.07,ON,ON,ON
2716,451.66,319.4,1.07,ON,ON,ON
2717,439.45,310.8,1.07,ON,ON,ON
2718,439.45,310.8,1.07,ON,ON,ON
2719,463.87,328.1,1.07,ON,ON,ON
2720,439.45,310.8,1.07,ON,IDLE,ON
2721,451.66,319.4,1.07,ON,ON,ON
2722,463.87,328.1,1.07,ON,ON,ON
2723,451.66,319.4,1.07,ON,ON,ON
2724,451.66,319.4,1.07,ON,ON,ON
2725,451.66,319.4,1.07,ON,ON,ON
2726,463.87,328.1,1.07,ON,ON,ON
2727,451.66,319.4,1.07,ON,ON,ON
2728,451.66,319.4,1.07,ON,ON,ON
2729,451.66,319.4,1.07,ON,ON,ON
2730,427.25,302.2,1.07,ON,ON,ON
2731,451.66,319.4,1.07,ON,ON,ON
2732,439.45,310.8,1.07,ON,ON,ON
2733,439.45,310.8,1.07,ON,ON,ON
2734,451.66,319.4,1.07,ON,ON,ON
2735,463.87,328.1,1.07,ON,ON,ON
2736,463.87,328.1,1.07,ON,ON,ON
2737,439.45,310.8,1.07,ON,ON,ON
2738,451.66,319.4,1.07,ON,ON,ON
2739,451.66,319.4,1.07,ON,ON,ON
2740,451.66,319.4,1.07,ON,ON,ON
2741,439.45,310.8,1.07,ON,ON,ON
2742,451.66,319.4,1.07,ON,ON,ON
2743,439.45,310.8,1.07,ON,ON,ON
2744,439.45,310.8,1.07,ON,ON,ON
2745,451.66,319.4,1.07,ON,ON,ON
2746,451.66,319.4,1.07,ON,ON,ON
2747,439.45,310.8,1.07,ON,ON,ON
2748,439.45,310.8,1.07,ON,ON,ON
2749,439.45,310.8,1.07,ON,ON,ON
2750,439.45,310.8,1.07,ON,ON,ON
2751,451.66,319.4,1.07,ON,ON,ON
2752,451.66,319.4,1.07,ON,ON,ON
2753,451.66,319.4,1.07,ON,ON,ON
2754,451.66,319.4,1.07,ON,ON,ON
2755,439.45,310.8,1.07,ON,ON,ON
2756,427.25,302.2,1.07,ON,ON,ON
2757,463.87,328.1,1.07,ON,ON,ON
2758,451.66,319.4,1.07,ON,ON,ON
2759,439.45,310.8,1.07,ON,ON,ON
2760,427.25,302.2,1.07,ON,ON,ON
2761,451.66,319.4,1.07,ON,ON,ON
2762,463.87,328.1,1.07,ON,ON,ON
2763,427.25,302.2,1.07,ON,ON,ON
2764,451.66,319.4,1.07,ON,ON,ON
2765,451.66,319.4,1.07,ON,ON,ON
2766,463.87,328.1,1.07,ON,ON,ON
2767,439.45,310.8,1.07,ON,ON,ON
2768,439.45,310.8,1.07,ON,ON,ON
2769,451.66,319.4,1.07,ON,ON,ON
2770,427.25,302.2,1.07,ON,ON,ON
2771,463.87,328.1,1.07,ON,ON,ON
2772,439.45,310.8,1.07,ON,ON,ON
2773,427.25,302.2,1.07,ON,ON,ON
2774,427.25,302.2,1.07,ON,ON,ON
2775,439.45,310.8,1.07,ON,ON,ON
2776,439.45,310.8,1.07,ON,ON,ON
2777,451.66,319.4,1.07,ON,ON,ON
2778,439.45,310.8,1.07,ON,ON,ON
2779,427.25,302.2,1.07,ON,ON,ON
2780,451.66,319.4,1.07,ON,ON,ON
2781,451.66,319.4,1.07,ON,ON,ON
2782,451.66,319.4,1.07,ON,ON,ON
2783,451.66,319.4,1.07,ON,ON,ON
2784,439.45,310.8,1.07,ON,ON,ON
2785,439.45,310.8,1.07,ON,ON,ON
2786,451.66,319.4,1.07,ON,ON,ON
2787,451.66,319.4,1.07,ON,ON,ON
2788,463.87,328.1,1.07,ON,ON,ON
2789,451.66,319.4,1.07,ON,ON,ON
2790,451.66,319.4,1.07,ON,IDLE,ON
2791,451.66,319.4,1.07,ON,ON,ON
2792,439.45,310.8,1.07,ON,ON,ON
2793,439.45,310.8,1.07,ON,ON,ON
2794,439.45,310.8,1.07,ON,ON,ON
2795,451.66,319.4,1.07,ON,ON,ON
2796,427.25,302.2,1.07,ON,ON,ON
2797,439.45,310.8,1.07,ON,ON,ON
2798,427.25,302.2,1.07,ON,ON,ON
2799,439.45,310.8,1.07,ON,ON,ON
2800,476.07,336.7,1.07,ON,ON,ON
2801,439.45,310.8,1.07,ON,ON,ON
2802,451.66,319.4,1.07,ON,ON,ON
2803,439.45,310.8,1.07,ON,ON,ON
2804,439.45,310.8,1.07,ON,ON,ON
2805,427.25,302.2,1.07,ON,ON,ON
2806,463.87,328.1,1.07,ON,ON,ON
2807,451.66,319.4,1.07,ON,ON,ON
2808,439.45,310.8,1.07,ON,ON,ON
2809,439.45,310.8,1.07,ON,ON,ON
2810,427.25,302.2,1.07,ON,ON,ON
2811,427.25,302.2,1.07,ON,ON,ON
2812,439.45,310.8,1.07,ON,ON,ON
2813,427.25,302.2,1.07,ON,ON,ON
2814,439.45,310.8,1.07,ON,ON,ON
2815,439.45,310.8,1.07,ON,ON,ON
2816,451.66,319.4,1.07,ON,ON,ON
2817,439.45,310.8,1.07,ON,ON,ON
2818,451.66,319.4,1.07,ON,ON,ON
2819,427.25,302.2,1.07,ON,ON,ON
2820,439.45,310.8,1.07,ON,ON,ON
2821,439.45,310.8,1.07,ON,ON,ON
2822,439.45,310.8,1.07,ON,ON,ON
2823,463.87,328.1,1.07,ON,ON,ON
2824,439.45,310.8,1.07,ON,ON,ON
2825,451.66,319.4,1.07,ON,ON,ON
2826,451.66,319.4,1.07,ON,ON,ON
2827,427.25,302.2,1.07,ON,ON,ON
2828,439.45,310.8,1.07,ON,ON,ON
2829,451.66,319.4,1.07,ON,ON,ON
2830,463.87,328.1,1.07,ON,ON,ON
2831,427.25,302.2,1.07,ON,ON,ON
2832,439.45,310.8,1.07,ON,ON,ON
2833,451.66,319.4,1.07,ON,ON,ON
2834,451.66,319.4,1.07,ON,ON,ON
2835,451.66,319.4,1.07,ON,ON,ON
2836,451.66,319.4,1.07,ON,ON,ON
2837,439.45,310.8,1.07,ON,ON,ON
2838,451.66,319.4,1.07,ON,ON,ON
2839,463.87,328.1,1.07,ON,ON,ON
2840,439.45,310.8,1.07,ON,ON,ON
2841,451.66,319.4,1.07,ON,ON,ON
2842,451.66,319.4,1.07,ON,ON,ON
2843,451.66,319.4,1.07,ON,ON,ON
2844,451.66,319.4,1.07,ON,ON,ON
2845,451.66,319.4,1.07,ON,ON,ON
2846,451.66,319.4,1.07,ON,ON,ON
2847,451.66,319.4,1.07,ON,ON,ON
2848,463.87,328.1,1.07,ON,ON,ON
2849,451.66,319.4,1.07,ON,ON,ON
2850,451.66,319.4,1.07,ON,ON,ON
2851,439.45,310.8,1.07,ON,ON,ON
2852,463.87,328.1,1.07,ON,ON,ON
2853,451.66,319.4,1.07,ON,ON,ON
2854,463.87,328.1,1.07,ON,ON,ON
2855,451.66,319.4,1.07,ON,ON,ON
2856,451.66,319.4,1.07,ON,ON,ON
2857,451.66,319.4,1.07,ON,ON,ON
2858,427.25,302.2,1.07,ON,ON,ON
2859,451.66,319.4,1.07,ON,ON,ON
2860,427.25,302.2,1.07,ON,ON,ON
2861,439.45,310.8,1.07,ON,ON,ON
2862,427.25,302.2,1.07,ON,ON,ON
2863,439.45,310.8,1.07,ON,ON,ON
2864,427.25,302.2,1.07,ON,ON,ON
2865,415.04,293.5,1.07,ON,ON,ON
2866,439.45,310.8,1.07,ON,ON,ON
2867,439.45,310.8,1.07,ON,ON,ON
2868,476.07,336.7,1.07,ON,ON,ON
2869,451.66,319.4,1.07,ON,ON,ON
2870,451.66,319.4,1.07,ON,ON,ON
2871,463.87,328.1,1.07,ON,ON,ON
2872,439.45,310.8,1.07,ON,ON,ON
2873,439.45,310.8,1.07,ON,ON,ON
2874,451.66,319.4,1.07,ON,ON,ON
2875,451.66,319.4,1.07,ON,ON,ON
2876,439.45,310.8,1.07,ON,ON,ON
2877,439.45,310.8,1.07,ON,ON,ON
2878,439.45,310.8,1.07,ON,ON,ON
2879,463.87,328.1,1.07,ON,IDLE,ON
2880,451.66,319.4,1.07,ON,ON,ON
2881,439.45,310.8,1.07,ON,ON,ON
2882,463.87,328.1,1.07,ON,ON,ON
2883,451.66,319.4,1.07,ON,ON,ON
2884,439.45,310.8,1.07,ON,ON,ON
2885,463.87,328.1,1.07,ON,ON,ON
2886,463.87,328.1,1.07,ON,ON,ON
2887,451.66,319.4,1.07,ON,ON,ON
2888,439.45,310.8,1.07,ON,ON,ON
2889,463.87,328.1,1.07,ON,ON,ON
2890,451.66,319.4,1.07,ON,ON,ON
2891,476.07,336.7,1.07,ON,ON,ON
2892,463.87,328.1,1.07,ON,ON,ON
2893,451.66,319.4,1.07,ON,ON,ON
2894,439.45,310.8,1.07,ON,ON,ON
2895,451.66,319.4,1.07,ON,ON,ON
2896,451.66,319.4,1.07,ON,ON,ON
2897,439.45,310.8,1.07,ON,ON,ON
2898,476.07,336.7,1.07,ON,ON,ON
2899,427.25,302.2,1.07,ON,ON,ON
2900,451.66,319.4,1.07,ON,ON,ON
2901,451.66,319.4,1.07,ON,ON,ON
2902,451.66,319.4,1.07,ON,ON,ON
2903,451.66,319.4,1.07,ON,ON,ON
2904,451.66,319.4,1.07,ON,ON,ON
2905,463.87,328.1,1.07,ON,ON,ON
2906,463.87,328.1,1.07,ON,ON,ON
2907,463.87,328.1,1.07,ON,ON,ON
2908,439.45,310.8,1.07,ON,ON,ON
2909,451.66,319.4,1.07,ON,ON,ON
2910,439.45,310.8,1.07,ON,ON,ON
2911,451.66,319.4,1.07,ON,ON,ON
2912,463.87,328.1,1.07,ON,ON,ON
2913,451.66,319.4,1.07,ON,ON,ON
2914,451.66,319.4,1.07,ON,ON,ON
2915,439.45,310.8,1.07,ON,ON,ON
2916,463.87,328.1,1.07,ON,ON,ON
2917,463.87,328.1,1.07,ON,ON,ON
2918,451.66,319.4,1.07,ON,ON,ON
2919,463.87,328.1,1.07,ON,ON,ON
2920,463.87,328.1,1.07,ON,ON,ON
2921,476.07,336.7,1.07,ON,ON,ON
2922,427.25,302.2,1.07,ON,ON,ON
2923,463.87,328.1,1.07,ON,ON,ON
2924,439.45,310.8,1.07,ON,ON,ON
2925,439.45,310.8,1.07,ON,ON,ON
2926,451.66,319.4,1.07,ON,ON,ON
2927,439.45,310.8,1.07,ON,ON,ON
2928,463.87,328.1,1.07,ON,ON,ON
2929,451.66,319.4,1.07,ON,ON,ON
2930,439.45,310.8,1.07,ON,ON,ON
2931,439.45,310.8,1.07,ON,ON,ON
2932,451.66,319.4,1.07,ON,ON,ON
2933,439.45,310.8,1.07,ON,ON,ON
2934,439.45,310.8,1.07,ON,ON,ON
2935,451.66,319.4,1.07,ON,ON,ON
2936,451.66,319.4,1.07,ON,ON,ON
2937,439.45,310.8,1.07,ON,ON,ON
2938,524.9,371.2,1.07,ON,ON,ON
2939,427.25,302.2,1.07,ON,ON,ON
2940,439.45,310.8,1.07,ON,ON,ON
2941,451.66,319.4,1.07,ON,ON,ON
2942,463.87,328.1,1.07,ON,ON,ON
2943,451.66,319.4,1.07,ON,ON,ON
2944,427.25,302.2,1.07,ON,ON,ON
2945,451.66,319.4,1.07,ON,ON,ON
2946,451.66,319.4,1.07,ON,ON,ON
2947,463.87,328.1,1.07,ON,ON,ON
2948,451.66,319.4,1.07,ON,ON,ON
2949,439.45,310.8,1.07,ON,ON,ON
2950,427.25,302.2,1.07,ON,ON,ON
2951,451.66,319.4,1.07,ON,ON,ON
2952,451.66,319.4,1.07,ON,ON,ON
2953,451.66,319.4,1.07,ON,ON,ON
2954,451.66,319.4,1.07,ON,ON,ON
2955,476.07,336.7,1.07,ON,ON,ON
2956,451.66,319.4,1.07,ON,ON,ON
2957,463.87,328.1,1.07,ON,ON,ON
2958,476.07,336.7,1.07,ON,ON,ON
2959,439.45,310.8,1.07,ON,ON,ON
2960,439.45,310.8,1.07,ON,ON,ON
2961,427.25,302.2,1.07,ON,ON,ON
2962,427.25,302.2,1.07,ON,ON,ON
2963,439.45,310.8,1.07,ON,ON,ON
2964,427.25,302.2,1.07,ON,ON,ON
2965,439.45,310.8,1.07,ON,ON,ON
2966,439.45,310.8,1.07,ON,ON,ON
2967,427.25,302.2,1.07,ON,ON,ON
2968,463.87,328.1,1.07,ON,ON,ON
2969,451.66,319.4,1.07,ON,ON,ON
2970,451.66,319.4,1.07,ON,ON,ON
2971,451.66,319.4,1.07,ON,ON,ON
2972,451.66,319.4,1.07,ON,ON,ON
